Dixie	disambiguates	Dixie_County%2C_Florida	r
Dean	disambiguates	Dean%2C_Hampshire	r
Gallia	disambiguates	Gallia_Cisalpina	r
Yutaka	disambiguates	Yutaka_Wada	r
Lyme	disambiguates	Lyme_Bay	r
Kip	disambiguates	Kip_Winger%5D%5D%2C_an_American_rock_musician%2C_%5B%5BWinger_%28band%29	r
Bayswater	disambiguates	Bayswater%2C_New_York	r
Iara	disambiguates	Iara_%28mythology%29	r
Carpathia	disambiguates	Carpathian_Mountains	r
Malfunction	disambiguates	Malfunction_Junction	r
Lewis	disambiguates	Lewis_structure	r
KBTV	disambiguates	KBTV-TV	r
Viborg	disambiguates	Viborg%2C_South_Dakota	r
Apostolic	disambiguates	Apostolic_Administrator	r
Bypass	disambiguates	Bypass_%28valve%29	r
Troy	disambiguates	Troy_Donahue	r
Maleficium	disambiguates	Maleficium_%28album%29	r
Cowboy	disambiguates	Cowboy_%28album%29	r
Pender	disambiguates	Pender_High_School	r
Taliesin	disambiguates	Taliesin_West	r
Strider	disambiguates	Strider_Knives	r
Necho	disambiguates	Necho_I%5D%5D_%28%5B%5B672_BC	r
Martell	disambiguates	Martell%2C_Italy	r
Athens	disambiguates	Athens%2C_Ontario	r
Nadir	disambiguates	Nadir_of_American_race_relations	r
Fenrir	disambiguates	Fenrir_%28moon%29	r
Miranda	disambiguates	Miranda%2C_Mato_Grosso_do_Sul	r
Hlemmur	disambiguates	Hlemmur_%28terminal%29	r
AMG	disambiguates	AMG_%28rapper%29	r
Wakefield	disambiguates	Wakefield%2C_Nebraska	r
Valdez	disambiguates	Valdez_Blockade	r
Puiseux	disambiguates	Puiseux_crater	r
Cabinet	disambiguates	Cabinet_%28government%29	r
Crick	disambiguates	Crick%2C_Northamptonshire	r
Arvo	disambiguates	Arvo_Ylpp%C3%B6	r
Dom	disambiguates	Dom_DeLuise	r
Netherton	disambiguates	Netherton%2C_Kirklees	r
Future	disambiguates	Future_Systems	r
Substance	disambiguates	Substance_theory	r
Lali	disambiguates	Lali%2C_Mahakali	r
Wheaton	disambiguates	Wheaton_College_%28Massachusetts%29	r
Songbird	disambiguates	Songbird_%28Fleetwood_Mac_song%29	r
Elma	disambiguates	Elma_Center%2C_New_York%5D%5D_-_a_community_in_%5B%5BErie_County%2C_New_York	r
White-fronted	disambiguates	White-fronted_Parrot	r
Catarina	disambiguates	Catarina%2C_San_Marcos	r
Gunnar	disambiguates	Gunnar_Myrdal	r
Singles	disambiguates	Singles_%281992_film%29	r
Shoreham	disambiguates	Shoreham%2C_Kent	r
Avalon	disambiguates	Avalon_Publishing_Group%5D%5D_%281994-2007%29%2C_NY_publisher_by_%5B%5BCharlie_Winton%5D%5D%2C_absorbed_by_%5B%5BPerseus_Books_Group	r
Newport	disambiguates	Newport%2C_Charles_County%2C_Maryland	r
Boom	disambiguates	Boom_Gorge	r
Bendix	disambiguates	Bendix_G-15	r
Impostor	disambiguates	Impostor_syndrome	r
Gong	disambiguates	Gong_Gong	r
Bonneville	disambiguates	Bonneville-Aptot	r
Gale	disambiguates	Gale%2C_Wisconsin	r
Stormbringer	disambiguates	Stormbringer	r
Wanderlust	disambiguates	Wanderlust_%28show%29	r
Pickens	disambiguates	Pickens_County%2C_South_Carolina	r
Brownie	disambiguates	Brownie_%28guitar%29	r
BPR	disambiguates	BPR_Global_GT_Series	r
Loose	disambiguates	Loose_the_Concert	r
Siuslaw	disambiguates	Siuslaw_National_Forest	r
Woodham	disambiguates	Woodham_Mortimer	r
M53	disambiguates	M53_155mm_Self-Propelled_Gun	r
Jimi	disambiguates	Jimi_Lewis	r
KSVH	disambiguates	KSVH-LP%5D%5D%2C_a_low-power_television_station_%28channel_23%29_licensed_to_%5B%5BVictoria%2C_Texas	r
Husky	disambiguates	Husky_Stadium	r
Palmeira	disambiguates	Palmeira_%28A_Coru%C3%B1a%29%5D%5D%2C_a_parish_in_the_district_of_Ribeira%2C_A_Coru%C5%88a%2C_Galicia%2C_%5B%5BSpain	r
Bookham	disambiguates	Bookham_Inc.	r
Yagua	disambiguates	Yagua_language	r
Huff	disambiguates	Huff-Duff	r
Cranberry	disambiguates	Cranberry_River	r
Dovre	disambiguates	Dovre%2C_Wisconsin	r
EMM	disambiguates	EMM/ODP	r
Etch	disambiguates	Etch_%28protocol%29	r
Ashton	disambiguates	Ashton%2C_Michigan	r
Conklin	disambiguates	Conklin_Shows	r
Leroy	disambiguates	Leroy_%28musician%29	r
Sap	disambiguates	Sap_%28album%29	r
Jeroen	disambiguates	Jeroen_Groenendijk	r
Botrytis	disambiguates	Botrytis_cinerea	r
Clow	disambiguates	Clow_International_Airport	r
Cyberspace	disambiguates	Cyberspace_%28album%29	r
Saint-L%C3%A9ger	disambiguates	Saint-L%C3%A9ger-de-Fougeret	r
Lost	disambiguates	Lost_%28RTZ_album%29	r
Echidna	disambiguates	Echidna_%28genus%29	r
Kinburn	disambiguates	Kinburn%2C_Ottawa%2C_Ontario	r
Stretch	disambiguates	Stretch_ratio	r
Signature	disambiguates	Signature_Digital_Menus	r
Wabash	disambiguates	Wabash_College	r
Peralta	disambiguates	Peralta_Villa%2C_Oakland%2C_California	r
Landau	disambiguates	Landau-Kleffner_syndrome	r
Dream	disambiguates	Dreams:_The_Ultimate_Corrs_Collection	r
Canaan	disambiguates	Canaan%2C_Kings_County%2C_Nova_Scotia	r
Cert	disambiguates	Certiorari	r
Kalkaska	disambiguates	Kalkaska%2C_Michigan	r
Gayton	disambiguates	Gayton%2C_Northamptonshire	r
Nang	disambiguates	Nang%21	r
Aberdeen	disambiguates	Aberdeen	r
CP	disambiguates	CP/CMS	r
Unity	disambiguates	Unity%2C_Maine	r
Goura	disambiguates	Goura%2C_Cameroon	r
KGRD	disambiguates	KGRD_%28FM%29	r
Christina	disambiguates	Christina_Wheeler	r
Bloodshed	disambiguates	Bloodshed_%28film%29	r
Iwaki	disambiguates	Iwaki%2C_Akita	r
Forsaken	disambiguates	Forsaken_%28Korn%29	r
Choctaw	disambiguates	Choctaw_turn	r
Lodi	disambiguates	Lodi_%28Veer-Zaara_song%29	r
Sabotage	disambiguates	Sabotage_%28computer_game%29	r
Kimberley	disambiguates	Kimberley_Process_Certification_Scheme	r
Nottoway	disambiguates	Nottoway%2C_Virginia	r
Pecos	disambiguates	Pecos_County%2C_Texas	r
Doubles	disambiguates	Doubles_%28tennis%29	r
Hiro	disambiguates	Hiro_Sohma	r
Maui	disambiguates	Maui_gas_field%5D%5D_an_offshore_%5B%5Bnatural_gas_field%5D%5D_located_off_the_coast_of_%5B%5BNew_Zealand	r
Bardo	disambiguates	Bardo%2C_Poland	r
TDR	disambiguates	TDR_%28magazine%29	r
Fantasia	disambiguates	Fantasia_%282004_film%29	r
Selwyn	disambiguates	Selwyn_%28singer%29	r
Copernicus	disambiguates	Copernicus	r
Bolo	disambiguates	Bolo%2C_Ethiopia	r
Nola	disambiguates	Nola_%28film%29	r
Wharton	disambiguates	Wharton%2C_Texas	r
Mika	disambiguates	Mika_Halvari	r
Cranberry	disambiguates	Cranberry_Township%2C_Alleghany_County%2C_North_Carolina	r
IOM	disambiguates	IOM_soybeans	r
Atta	disambiguates	Atta_flour	r
Cressy	disambiguates	Cressy%2C_Seine-Maritime	r
Wexford	disambiguates	Wexford	r
Vivo	disambiguates	Vivo_%28Cl%C3%A3_album%29%5D%5D%2C_an_album_by_the_Portuguese_band_%5B%5BCl%C3%A3	r
Disengagement	disambiguates	Disengagement_%28film%29	r
Obereggen	disambiguates	Obereggen_%28street%29	r
Wenceslaus	disambiguates	Wenceslaus_I_of_Bohemia	r
Skank	disambiguates	Skank_%28guitar%29	r
Underwood	disambiguates	Underwood%2C_Newport	r
Naundorf	disambiguates	Naundorf%2C_Thuringia%5D%5D%2C_in_the_%5B%5BAltenburger_Land	r
Switchblade	disambiguates	Switchblade_%28band%29%5D%5D%2C_a_%5B%5BHeavy_metal_music	r
Farid	disambiguates	Farid_ad-Din_Attar	r
Broek	disambiguates	Broek_%28Gulpen%29	r
Whittington	disambiguates	Whittington_%28novel%29	r
Humphrey	disambiguates	Humphrey_B._Bear	r
Monticello	disambiguates	Monticello%2C_Kentucky	r
Scopello	disambiguates	Scopello_%28TP%29	r
Future	disambiguates	Future_%28programming%29	r
Miroku	disambiguates	Miroku_%28InuYasha%29	r
Lantana	disambiguates	Lantana%2C_Texas	r
Mino	disambiguates	Mino_Province	r
Qiu	disambiguates	Qiu_Jun	r
Gramm	disambiguates	Gramm_%28record_label%29	r
Caravan	disambiguates	Caravan_%28Utopia_song%29	r
Outsize	disambiguates	Outsize_cargo	r
Marcel	disambiguates	Marcel_%28given_name%29	r
Justus	disambiguates	Justus_of_Tiberias	r
Heracles	disambiguates	Heracles	r
Atlas	disambiguates	Atlas_%281951_automobile%29	r
Conspiracy	disambiguates	Conspiracy_%28civil%29	r
Sublette	disambiguates	Sublette_County%2C_Wyoming	r
Aquinas	disambiguates	Aquinas_High_School_%28Iowa%29%5D%5D_in_%5B%5BFort_Madison%2C_Iowa	r
Borderline	disambiguates	Borderline_%282002_film%29	r
Glina	disambiguates	Glina%2C_Tomasz%C3%B3w_Mazowiecki_County	r
Axis	disambiguates	Axis_%28novel%29	r
Freenet	disambiguates	Freenet_%28Central_Asia%29	r
Chepino	disambiguates	Chepino%2C_Pernik_Province	r
Fragile	disambiguates	Fragile_Records	r
Greengate	disambiguates	Greengate%2C_East_London	r
Barthi	disambiguates	Barthi%2C_Punjab	r
Kish	disambiguates	Kish_Air	r
Sen	disambiguates	Senator	r
Proper	disambiguates	Proper_transfer_function	r
Graham	disambiguates	Graham_Township%2C_Kansas	r
Aphrodite	disambiguates	Aphrodite_%28film%29	r
Hopper	disambiguates	Hopper_%28food%29	r
Toilet	disambiguates	Toilet_water	r
Cranium	disambiguates	Cranium%2C_Inc.	r
Ellsworth	disambiguates	Ellsworth%2C_Iowa	r
Nicopolis	disambiguates	Nicopolis	r
Keswick	disambiguates	Keswick_railway_station%2C_Adelaide	r
ADT	disambiguates	ADT_Security_Services	r
Santiago	disambiguates	Santiago_%28Sesimbra%29	r
Stuff	disambiguates	Stuff_%28novel%29	r
Fran%C3%A7ois	disambiguates	Fran%C3%A7ois_Sagat%5D%5D%2C_%5B%5BModel_%28person%29	r
Clarence	disambiguates	Clarence_River%2C_New_Zealand	r
Carnival	disambiguates	Carnival_%28album%29	r
Wattle	disambiguates	Wattle_Range_Council	r
Noa	disambiguates	Noa_%28dog%29	r
Crook	disambiguates	Crook%2C_Devon	r
Lernahovit	disambiguates	Lernahovit%2C_Lori	r
Suncook	disambiguates	Suncook_Lakes	r
Camilla	disambiguates	Camilla_Dallerup	r
Helle	disambiguates	Helle_%28Gulpen-Wittem%29	r
Static	disambiguates	Static_electricity	r
Stow	disambiguates	Stow_cum_Quy	r
Zygomatic	disambiguates	Zygomatic_bone	r
Cover	disambiguates	Covers_%28Fayray_album%29	r
Max	disambiguates	Max_Weber_%28artist%29	r
Moola	disambiguates	Moola_Valley	r
TVM	disambiguates	TVM_%28cycling_team%29	r
Merrow	disambiguates	Merrow_Sewing_Machine_Company	r
Poseidon	disambiguates	Poseidon_Linux	r
Inglefield	disambiguates	Inglefield_Mountains%5D%5D_in_southeastern_%5B%5BEllesmere_Island	r
Justice	disambiguates	Justice_%28Death_Note_episode%29	r
SAT	disambiguates	SAT	r
Shetland	disambiguates	Shetland_Goose	r
Hebron	disambiguates	Hebron	r
Quins	disambiguates	Quins%2C_Aveyron	r
Escape	disambiguates	Escape_%28Enrique_Iglesias_album%29	r
Puebla	disambiguates	Puebla_de_Bele%C3%B1a	r
Chandamama	disambiguates	Chandamama_%28film%29	r
Ontario	disambiguates	Ontario_County%2C_Ontario	r
Spur	disambiguates	Spur_gear	r
Bedwell	disambiguates	Bedwell_Island%5D%5D%2C_%5B%5BWestern_Australia	r
Amelia	disambiguates	Amelia_%28film%29	r
Tsubasa	disambiguates	Tsubasa_Fukuchi	r
Marigny	disambiguates	Marigny%2C_Jura	r
593	disambiguates	593_%28number%29	r
Pingnan	disambiguates	Pingnan_County%2C_Guangxi%5D%5D%2C_county_in_%5B%5BGuigang%5D%5D%2C_%5B%5BGuangxi	r
Peconic	disambiguates	Peconic_Bay_Medical_Center%5D%5D%2C_in_%5B%5BRiverhead%2C_New_York	r
Kimber	disambiguates	Kimber_Aegis	r
Callaway	disambiguates	Callaway%2C_Kentucky	r
Chinese	disambiguates	Chinese_literature	r
Duncan	disambiguates	Duncan_U._Fletcher_High_School	r
Cobham	disambiguates	Cobham_plc	r
Selby	disambiguates	Selby_family	r
Tasty	disambiguates	Tasty_%28Kelis_album%29	r
Zone	disambiguates	Zone_%28poem%29	r
Roncesvalles	disambiguates	Roncesvalles%2C_Tolima	r
Parliament	disambiguates	Parliament_TV_%28New_Zealand%29	r
Milford	disambiguates	Milford%2C_Pennsylvania	r
Magician	disambiguates	Magicians_%28film%29	r
Matador	disambiguates	Matador_%28film%29	r
Byron	disambiguates	Byron_Fidetzis	r
Illyria	disambiguates	Illyria_%28software%29%5D%5D%2C_an_example_computer_programming_language_implemented_under_%5B%5BLisp_programming_language	r
S6	disambiguates	S6:_Keep_under_..._%28inert_gas_to_be_specified_by_the_manufacturer%29	r
Villers	disambiguates	Villers-sur-Saulnot%5D%5D%2C_in_the_%5B%5BHaute-Sa%C3%B4ne	r
Vitrolles	disambiguates	Vitrolles%2C_Hautes-Alpes%5D%5D%2C_in_the_%5B%5BHautes-Alpes	r
Two-handed	disambiguates	Two-handed_sword	r
Vermilion	disambiguates	Vermilion_County%2C_Illinois	r
Rotor	disambiguates	Rotor_%28ride%29	r
Peekaboo	disambiguates	Peekaboo_%28album%29	r
Franco	disambiguates	Franco_Bonera	r
Subclass	disambiguates	Subclass_%28biology%29	r
Wu	disambiguates	Wu_%28kingdom%29	r
Bazaar	disambiguates	Bazaar_%28supermarkets%29	r
Unboxed	disambiguates	Unboxed_%28Sammy_Hagar_album%29	r
Yarmouth	disambiguates	Yarmouth_County%2C_Nova_Scotia	r
Popovka	disambiguates	Popovka%2C_Cherdaklinsky_District%2C_Ulyanovsk_Oblast%5D%5D%2C_a_village_%28%27%27selo%27%27%29_in_%5B%5BCherdaklinsky_District%5D%5D_of_%5B%5BUlyanovsk_Oblast	r
Esparza	disambiguates	Esparza_Canton	r
Pale	disambiguates	Pale_%28Greyhawk%29	r
Hits	disambiguates	Hits_%28Pulp_album%29	r
Tallboy	disambiguates	Tallboy_bomb%5D%5D_was_a_deep_penetration_%27%27%5B%5Bearthquake_bomb%5D%5D%27%27_designed_by_%5B%5BBarnes_Wallis%5D%5D_in_%5B%5BWorld_War_II%5D%5D_for_the_%5B%5BRoyal_Air_Force%5D%5D_see_also_%5B%5BGrand_Slam_bomb	r
Yates	disambiguates	Yates_Township%2C_Michigan	r
Mickey	disambiguates	Mickey_Hart	r
Clydach	disambiguates	Clydach%2C_Swansea	r
Oktyabrsky	disambiguates	Oktyabrsky_District	r
Reyes	disambiguates	Reyes_rendering	r
Taste	disambiguates	Taste_%28film%29%5D%5D%2C_a_2004_TV-Movie_starring_%5B%5BRichard_Ruccolo	r
Akrotiri	disambiguates	Akrotiri_%28village%29	r
Carmel	disambiguates	Carmel%2C_Powys	r
Ailly	disambiguates	Ailly%2C_Eure	r
Ch%C3%A2teauneuf	disambiguates	Ch%C3%A2teauneuf-d%27Entraunes%5D%5D%2C_%5B%5BAlpes-Maritimes	r
Traffic	disambiguates	Traffic_%28album%29	r
Greenwood	disambiguates	Greenwood_Village%2C_Colorado	r
MBus	disambiguates	MBus_%28SPARC%29	r
Trochlea	disambiguates	Trochlea_of_humerus	r
Whitehall	disambiguates	Whitehall_Farm%5D%5D%2C_Yellow_Springs%2C_Ohio%2C_%5B%5BList_of_RHPs_in_OH	r
Giant	disambiguates	Giants:_Citizen_Kabuto	r
Watkins	disambiguates	Watkins%2C_Colorado	r
Peres	disambiguates	Peres-Hussein_London_Agreement	r
Boulevard	disambiguates	Boulevard_Royal	r
Precision	disambiguates	Precision_Talent	r
Damage	disambiguates	Damage_%28comics%29	r
Ginza	disambiguates	Ginza	r
Remember	disambiguates	Remember_%28Rusted_Root_album%29	r
Equitable	disambiguates	Equitable_Resos	r
Scintillation	disambiguates	Scintillation_%28medicine%29	r
Bombshell	disambiguates	Bombshell_%281996_film%29	r
Huntington	disambiguates	Huntington_Ravine	r
Ricky	disambiguates	Ricky_Gervais	r
Continuum	disambiguates	Continuum_%28design_consultancy%29	r
Dillinger	disambiguates	Dillinger_Four	r
LZ	disambiguates	LZ	r
McGregor	disambiguates	McGregor%2C_Ontario	r
Beauvois	disambiguates	Beauvois-en-Cambr%C3%A9sis	r
Trailblazer	disambiguates	Trailblazer_%28game%29	r
Julian	disambiguates	Julian_Rachlin	r
Undiscovered	disambiguates	Undiscovered_%28James_Morrison_album%29	r
Voltaire	disambiguates	Voltaire	r
Fixation	disambiguates	Fixation%5D%5D_online_%5B%5Beye_tracking	r
Alvin	disambiguates	Alvin%2C_Kentucky	r
Tennessee	disambiguates	Tennessee_Williams	r
Tettnang	disambiguates	Tettnang%5D%5D%2C_a_city_in_%5B%5BGermany	r
Lorne	disambiguates	Lorne_Anderson	r
Anderson	disambiguates	Anderson%2C_Quebec	r
CAMP	disambiguates	CAMP_%28company%29	r
Genius	disambiguates	Genius_%28iTunes%29%5D%5D%2C_a_software_feature_introduced_by_Apple_for_%5B%5BiTunes	r
Cliffside	disambiguates	Cliffside_%28Scottsville%2C_Virginia%29%5D%5D%2C_%5B%5BList_of_RHPs_in_VA	r
Aidan	disambiguates	Aidan_of_Gwynedd%5D%5D%2C_a_fictional_character_from_the_%5B%5BDeryni_novels%5D%5D_by_%5B%5BKatherine_Kurtz	r
Sibley	disambiguates	Sibley%27s	r
Gallo	disambiguates	Gallo_language	r
Aftermath	disambiguates	Aftermath_%28short_film%29	r
Rut	disambiguates	Rut_%28roads%29	r
Eagle	disambiguates	Eagle_%28song%29	r
Oneida	disambiguates	Oneida_%28band%29	r
Villers-le-Sec	disambiguates	Villers-le-Sec%2C_Meuse	r
Gonzalo	disambiguates	Gonzalo_Garc%C3%ADa	r
Popo	disambiguates	Popo_%28album%29	r
Romany	disambiguates	Romany_%28album%29	r
Seefeld	disambiguates	Seefeld%2C_Tirol	r
Piper	disambiguates	Piper_%28Morlock%29	r
Frye	disambiguates	Frye_standard	r
Oita	disambiguates	Oita_Junior_College	r
Micklefield	disambiguates	Micklefield%5D%5D_in_%5B%5BWest_Yorkshire%5D%5D%2C_%5B%5BEngland	r
DEG	disambiguates	DEG_Metro_Stars	r
Granma	disambiguates	Granma_%28yacht%29	r
Lefty	disambiguates	Lefty_the_Salesman%5D%5D%2C_a_%5B%5BSesame_Street	r
Gloucester	disambiguates	Gloucester_County%2C_New_Jersey	r
Rudge	disambiguates	Rudge%2C_Somerset	r
Dudley	disambiguates	Dudley%2C_Georgia	r
Pass	disambiguates	Pass_%28United_States_military%29	r
Spectacle	disambiguates	Spectacle_Island	r
Muzha	disambiguates	Muzha_District	r
Regge	disambiguates	Regge_theory	r
Sidetracked	disambiguates	Sidetracked_%28film%29	r
Collaborations	disambiguates	Collaborations_%28Sin%C3%A9ad_O%27Connor_album%29	r
Bosh	disambiguates	Bosh_Pritchard	r
Huai	disambiguates	Huainanzi	r
Clyde	disambiguates	Clyde%2C_Ohio	r
Hult	disambiguates	Hultsfred	r
Sport	disambiguates	Sport	r
Freestyle	disambiguates	Freestyle_%28software%29	r
Matisse	disambiguates	Matisse_%28band%29	r
Cardo	disambiguates	Cardo	r
Saint-Ouen	disambiguates	Saint-Ouen-Domprot	r
Skandia	disambiguates	Skandia	r
Norwood	disambiguates	Norwood%2C_Western_Cape	r
Niche	disambiguates	Niche_%28architecture%29%5D%5D%2C_an_%5B%5Bexedra	r
Hemisphere	disambiguates	Hemispheres_%28TV_series%29	r
Hamilton	disambiguates	Hamilton%2C_Illinois	r
Matlock	disambiguates	Matlock_Police	r
Fisher	disambiguates	Fisher_%28animal%29	r
Behemoth	disambiguates	Behemoth_%28Marvel_Comics%29	r
Seymchan	disambiguates	Seymchan_%28urban-type_settlement%29%5D%5D%2C_an_urban-type_settlement_in_%5B%5BMagadan_Oblast	r
Lyons	disambiguates	Lyons%2C_Michigan	r
Chelsea	disambiguates	Chelsea_Boys	r
Vernon	disambiguates	Vernon%2C_Alabama	r
Harbin	disambiguates	Harbin_Aircraft_Manufacturing_Corporation	r
Janko	disambiguates	Janko_group_J1	r
Santos	disambiguates	Santos_Basin	r
Circle	disambiguates	Circle_%28Slipknot_song%29	r
Axel	disambiguates	Axel_Hawk%5D%5D%2C_a_character_from_the_video_game_series_%27%27%5B%5BFatal_Fury	r
Cogent	disambiguates	Cogent_Communications	r
Wil	disambiguates	Wil_Ohmsford	r
Mula	disambiguates	Mula_River_%28India%29	r
Sebastopol	disambiguates	Sebastopol%2C_Mississippi	r
Saint-Jean	disambiguates	Saint-Jean-de-Val%C3%A9riscle	r
Piaget	disambiguates	Piaget_SA	r
Envi	disambiguates	Envi_%28Automobile%29	r
Stratus	disambiguates	Stratus_Technologies	r
Yagi	disambiguates	Yagi_antenna	r
Transworld	disambiguates	Transworld_Sport	r
Natalia	disambiguates	Natalia_Barbu%5D%5D%2C_Moldovan_singer_who_participated_in_%5B%5BEurovision_2007	r
Orpheus	disambiguates	Orpheus_%28ballet%29	r
WOTW	disambiguates	WOTW_%28FM%29	r
Tomoe	disambiguates	Tomoe_Shinohara	r
Oasis	disambiguates	Oasis_Group_31	r
Rawat	disambiguates	Rawat_Rajputs	r
Yasu	disambiguates	Yasu_River	r
Smithfield	disambiguates	Smithfield%2C_North_Carolina	r
Jubilee	disambiguates	Jubilee_Street%5D%5D_is_a_%5B%5Bstreet%5D%5D_in_%5B%5BCentral%2C_Hong_Kong	r
Continuum	disambiguates	Continuum_%28instrument%29	r
Iron-on	disambiguates	Iron-on	r
Mecklenburg	disambiguates	Mecklenburg_vereinsthaler	r
Duke	disambiguates	Duke_%28G.I._Joe%29	r
Clement	disambiguates	Clement_%28British_automobile%29	r
Andel	disambiguates	Andel_%28Netherlands%29	r
Pivot	disambiguates	Pivot_%28card_game%29	r
Harold	disambiguates	Harold_La_Borde	r
Slither	disambiguates	Slither_%282006_film%29	r
Berhane	disambiguates	Berhane_Ghebrezgabiher	r
Charm	disambiguates	Charm_%28quantum_number%29	r
Timmy	disambiguates	Timmy_Mallett	r
Medway	disambiguates	Medway%2C_Nova_Scotia	r
Cadereyta	disambiguates	Cadereyta_Jim%C3%A9nez	r
Phineas	disambiguates	Phineas_Fletcher	r
Aris	disambiguates	Aristotelis_Gavelas	r
Weldon	disambiguates	Weldon%2C_California	r
Passage	disambiguates	Passage_%28novel%29	r
Turn	disambiguates	Turn_%28knot%29	r
Ardent	disambiguates	Ardent_Records	r
Jha	disambiguates	Jha_%28Surname%29	r
Transmission	disambiguates	Transmissions_%28Cold_War_Kids_EP%29%5D%5D%2C_an_album_by_indie_rock_band_%5B%5BCold_War_Kids	r
Clifton	disambiguates	Clifton_%28Roslyn_Harbor%2C_New_York%29%5D%5D%2C_%5B%5BList_of_RHPs_in_NY	r
Ladonia	disambiguates	Ladonia_%28micronation%29	r
Mutum	disambiguates	Mutum_%28film%29	r
Primary	disambiguates	Primary_election	r
Transformer	disambiguates	Transformers_technology	r
Brown-breasted	disambiguates	Brown-breasted_Barbet	r
Cavalier	disambiguates	Cavalier%2C_North_Dakota	r
Berkeley	disambiguates	Berkeley_%28band%29%5D%5D%2C_a_%5B%5BLetterkenny	r
Savo	disambiguates	Savoy_%28disambiguation%29	r
ISO	disambiguates	ISO_9000	r
Copernicus	disambiguates	Copernicus.org%5D%5D_%5Bhttp://www.copernicus.org/about_us.html%5D%2C_an_%5B%5BOpen_access_%28publishing%29	r
Toya	disambiguates	Toya_Meijin	r
Admission	disambiguates	Admission_to_an_event_or_establishment	r
Ascot	disambiguates	Ascot%2C_Queensland	r
Station	disambiguates	Stations_%28Irish_custom%29%5D%5D%2C_was_the_custom_during_the_period_English_proscriptions_against_Catholicism_of_gathering_in_homes_for_%5B%5Bmass	r
Sajama	disambiguates	Sajama_Cut	r
Suma	disambiguates	Suma_%28alcohol%29	r
Cumberland	disambiguates	Cumberland%2C_Washington	r
Heide	disambiguates	Heide_%28Oberlausitz%29%5D%5D%2C_A_part_of_%5B%5BWiednitz	r
Minter	disambiguates	Minter_Ellison_Rudd_Watts	r
Jumble	disambiguates	Jumble_sale	r
Ettinghausen	disambiguates	Ettinghausen%2C_Germany	r
Roach	disambiguates	Roach_%28fish%29%5D%5D%2C_certain_members_of_family_%5B%5BCyprinidae	r
Monica	disambiguates	Monicagate	r
Volume	disambiguates	Volume	r
Calton	disambiguates	Calton%2C_Ontario	r
Breck	disambiguates	Breck_School%5D%5D%2C_%5B%5BGolden_Valley%2C_Minnesota	r
Gillian	disambiguates	Gillian_Gilbert	r
Higgins	disambiguates	Higgins_Industries	r
Stag	disambiguates	Stag_profit	r
Toastmaster	disambiguates	Toastmasters_International	r
Izvorul	disambiguates	Izvorul_Paltinului_River	r
Josip	disambiguates	Josip_Ivan%C4%8Di%C4%87	r
Georg	disambiguates	Georg%2C_Prince_of_Schwarzburg-Rudolstadt	r
Flop	disambiguates	Flop_%28band%29	r
Creighton	disambiguates	Creighton_University	r
Touched	disambiguates	Touched_%28Ken_Stringfellow_album%29	r
Bruno	disambiguates	Bruno_Hauptmann	r
Dawn	disambiguates	Dawn_Records	r
Lias	disambiguates	Lias%2C_band_member%5D%5D%2C_a_member_of_South_African_band_%5B%5BThe_Narrow	r
Joe	disambiguates	Joe_Shmoe	r
Carthage	disambiguates	Carthage%2C_North_Carolina	r
Benga	disambiguates	Benga%2C_Gabon%5D%5D%2C_a_province_of_%5B%5BNyanga_Province	r
EMX	disambiguates	EMX1	r
Crime	disambiguates	Crime_Lake%5D%5D%2C_a_lake_between_%5B%5BAshton-under-Lyne%5D%5D_and_%5B%5BFailsworth%5D%5D_in_%5B%5BGreater_Manchester	r
Kooks	disambiguates	Kooks_%28magazine%29	r
Church	disambiguates	Church_%28Red_vs._Blue%29	r
Saint-Jean	disambiguates	Saint-Jean-d%27Ass%C3%A9	r
Philip	disambiguates	Philipp_Hainhofer	r
Saint-Sylvain	disambiguates	Saint-Sylvain%2C_Seine-Maritime	r
Hello	disambiguates	Hello_%28Tristan_Prettyman_album%29	r
Gail	disambiguates	Gail_Cronauer	r
Creighton	disambiguates	Creighton%2C_Florida	r
Redline	disambiguates	Redline_%28video_game%29	r
Asia	disambiguates	Asia_%28Roman_province%29	r
Taunton	disambiguates	Taunton_Deane	r
Alive	disambiguates	Alive_%28Kate_Ryan_album%29	r
Tamu	disambiguates	Tamu%2C_Burma	r
Mall	disambiguates	Mall_at_the_Source	r
Crosby	disambiguates	Crosby%2C_Lincolnshire	r
Roseville	disambiguates	Roseville_Township%2C_Minnesota	r
Reno	disambiguates	Reno%2C_Ohio	r
Mauvezin	disambiguates	Mauvezin-de-Prat%5D%5D%2C_in_the_%5B%5BAri%C3%A8ge	r
Washburn	disambiguates	Washburn%2C_Iowa	r
Tyson	disambiguates	Tyson_Dux	r
Pulsar	disambiguates	Pulsar_%28comics%29	r
Shaw	disambiguates	Shaw_Sticks	r
Hessian	disambiguates	Hessian_dialects	r
Marble	disambiguates	Marbles_%28album%29	r
Grafschaft	disambiguates	Grafschaft%2C_Rhineland	r
Kimber	disambiguates	Kimber_West	r
Nathan	disambiguates	Nathan_the_Wise%5D%5D%27%27_%28German_title:_%27%27%5B%5BNathan_der_Weise%5D%5D%27%27%29%2C_a_1779_Enlightenment_play_by_%5B%5BGotthold_Ephraim_Lessing	r
Daniel	disambiguates	Daniele%2C_Greater_Poland_Voivodeship	r
Fraser	disambiguates	Fraser_and_Neave	r
Wolcott	disambiguates	Wolcott%2C_Kansas	r
Bombay	disambiguates	Bombay_Gin%5D%5D_and_%5B%5BBombay_Sapphire	r
Watusi	disambiguates	Watusi_%28album%29%5D%5D%2C_an_album_by_%5B%5BThe_Wedding_Present	r
Corneliu	disambiguates	Corneliu_Ion	r
Avanti	disambiguates	Avanti%21	r
Mila	disambiguates	Mila_%28genus%29	r
Alba	disambiguates	Alba%2C_Michigan	r
Tumba	disambiguates	Tumba_%28music_genre%29	r
Veronese	disambiguates	Veronese_%28moth%29	r
GP	disambiguates	GP-25%5D%5D_or_%5B%5BGP-30%5D%5D%2C_series_of_Russian_under-barrel_%5B%5Bgrenade_launcher	r
Akhenaten	disambiguates	Akhenaten_%28comics%29	r
Poltergeist	disambiguates	Poltergeist:_The_Legacy	r
TLA	disambiguates	TLA_Entertainment_Group	r
Deva	disambiguates	Deva_%28New_Age%29	r
Needham	disambiguates	Needham_Research_Institute	r
Scarlet	disambiguates	Scarlet_%28magazine%29	r
CKPR	disambiguates	CKPR-TV	r
Eyespot	disambiguates	Eyespot_%28mimicry%29%5D%5D%2C_a_color_mark_that_looks_somewhat_like_an_%5B%5Beye%5D%5D%2C_sometimes_called_%5B%5Bocellus	r
Aoyama	disambiguates	Aoyama-itch%C5%8Dme_Station	r
Enfield	disambiguates	Enfield_Wash	r
Revelation	disambiguates	Revelations_%28Buffy_episode%29	r
Masi	disambiguates	Masi%2C_Italy	r
Morasha	disambiguates	Morasha_%28neighborhood%29	r
Zenobia	disambiguates	Zenobia_%28plant%29	r
Hay	disambiguates	Hay_River	r
Rave	disambiguates	Rave_Magazine_%28Australia%29	r
Soma	disambiguates	SomaFM	r
Orb	disambiguates	Orb_%28astrology%29	r
Camargo	disambiguates	Camargo%2C_Cantabria	r
Europe	disambiguates	Europe_%28story%29	r
Spitz	disambiguates	Spitz_%28band%29	r
Skinker	disambiguates	Skinker_%28St._Louis_Metrolink%29	r
Chilton	disambiguates	Chilton%2C_Oxfordshire	r
Irritant	disambiguates	Irritant_%28band%29	r
Harwell	disambiguates	Harwell_Science_and_Innovation_Campus	r
Mouth	disambiguates	Mouth	r
Guy	disambiguates	Guy_Picciotto	r
Stranded	disambiguates	Stranded_%28Van_Morrison_song%29	r
OMAC	disambiguates	OMAC_%28comics%29	r
Tiln	disambiguates	Tiln_%28play%29	r
Bridgetown	disambiguates	Bridgetown%2C_Western_Australia%5D%5D%2C_a_town_located_in_the_%5B%5BSouth_West_%28Western_Australia%29	r
Dublin	disambiguates	Dublin%2C_Georgia	r
Greenwell	disambiguates	Greenwell_Springs%2C_Louisiana	r
KEKB	disambiguates	KEKB_%28accelerator%29	r
Hardcore	disambiguates	Hardcore_dancing	r
Wuyishan	disambiguates	Wuyishan_%28city%29	r
Tourbillon	disambiguates	Tourbillon_%28brand%29	r
Garm	disambiguates	Garm_%28talking_dog%29%5D%5D%2C_a_character_in_%5B%5BJ.R.R._Tolkien%5D%5D%27s_%5B%5Bshort_story%5D%5D_%5B%5BFarmer_Giles_of_Ham	r
Digby	disambiguates	Digby_Denham	r
Urum	disambiguates	Urum_language	r
Relocation	disambiguates	Relocation_of_professional_sports_teams	r
West	disambiguates	West_Vent	r
Retirement	disambiguates	Retirement_%28Beanie_Baby%29	r
Kona	disambiguates	Kona_Town	r
Thomson	disambiguates	Thomsonfly	r
Phantasmagoria	disambiguates	Phantasmagoria	r
Vermont	disambiguates	Vermont_%28US_band%29	r
Sturt	disambiguates	Sturt%2C_South_Australia	r
Pterygoid	disambiguates	Pterygoid_processes_of_the_sphenoid	r
Swift	disambiguates	Swift_Engineering	r
Dumbarton	disambiguates	Dumbarton_%28Scottish_Parliament_constituency%29	r
Mana	disambiguates	Mana_Nishiura	r
Brute	disambiguates	Brute_%28song%29	r
%C3%81lvaro	disambiguates	%C3%81lvaro_de_Baz%C3%A1n_class_frigate	r
Keiichi	disambiguates	Keiichi_Tsuchiya	r
Tera	disambiguates	Terabyte	r
Berserk	disambiguates	Berserker_%28disambiguation%29	r
Mitata	disambiguates	Mitata_%28Lasithi%29%2C_Greece	r
Ashby	disambiguates	Ashby-de-la-Zouch	r
Kure	disambiguates	Kure_Atoll	r
Weymouth	disambiguates	Weymouth%2C_Massachusetts	r
Aspect	disambiguates	Aspect_Software	r
Drake	disambiguates	Drake_Hotel_%28Chicago%29	r
Holman	disambiguates	Holman_Moody	r
Workforce	disambiguates	Workforce_%28brand%29%5D%5D%2C_discount_tools_and_hardware_brand_from_%5B%5BThe_Home_Depot	r
Sophia	disambiguates	Sophia_the_Martyr	r
Naresh	disambiguates	Naresh_Sohal	r
Jillian	disambiguates	Jillian_Smith	r
Class	disambiguates	Class_%28set_theory%29	r
Mishima	disambiguates	Mishima%2C_Fukushima%5D%5D%2C_a_town_in_%5B%5BFukushima_Prefecture	r
Ellendale	disambiguates	Ellendale%2C_Delaware	r
Newton	disambiguates	Newton%2C_Cheshire	r
Penney	disambiguates	Penney%27s_game	r
Reliant	disambiguates	Reliant%5D%5D%2C_also_known_as_%27%27%27Reliant_Motors%27%27%27%2C_a_British_car_manufacturer%3B_and_sometimes_specifically_to_the_%5B%5BReliant_Robin	r
Kenny	disambiguates	Kenny_Layne	r
Ellipse	disambiguates	Ellipse_%28album%29%5D%5D%2C_album_by_%5B%5BImogen_Heap	r
Magnum	disambiguates	Magnum%2C_P.I.	r
Glen	disambiguates	Glen_Walshaw	r
Zimmerman	disambiguates	Zimmermann	r
Cody	disambiguates	Cody_Rhodes	r
Spa	disambiguates	Spa%2C_Belgium	r
Guy	disambiguates	Guy_Whatley	r
Lockout	disambiguates	Lockout_device%5D%5D%2C_a_%5B%5Bbuzzer	r
Glue	disambiguates	Glue_%282006_film%29%5D%5D%27%27%2C_a_film_directed_by_%5B%5BAlexis_Dos_Santos	r
Georges	disambiguates	Georges_Delerue	r
Wannabe	disambiguates	Wannabe_%28D:TNG_episode%29	r
Standish	disambiguates	Standish%2C_California	r
Choaspes	disambiguates	Choaspes_%28skipper%29	r
Kozak	disambiguates	Kozak_consensus_sequence	r
Adrian	disambiguates	Adriano	r
Addison	disambiguates	Addison_Road	r
Chaves	disambiguates	Chaves_%28Portugal%29	r
Crowbar	disambiguates	Crowbar_%28Canadian_band%29	r
Tornau	disambiguates	Tornau%2C_Wittenberg	r
Vanna	disambiguates	Vanna_White	r
Boston	disambiguates	Boston_%28album%29	r
Darken	disambiguates	Darken_Rahl	r
Durbar	disambiguates	Durbar_plate%2C_steel_flooring	r
Lena	disambiguates	Lena_Department	r
Patella	disambiguates	Patella_%28gastropod%29	r
Tolo	disambiguates	Tolo	r
Swipe	disambiguates	Swipe_%28breakdance_move%29	r
Noonan	disambiguates	Noonan%2C_North_Dakota	r
VEE	disambiguates	VEE_Corporation	r
Maxie	disambiguates	Maxie_Berger	r
Wildcat	disambiguates	Wildcat%21_BBS	r
Devonport	disambiguates	Devonport%2C_Tasmania	r
Gorky	disambiguates	Gorky_Reservoir	r
Tracy	disambiguates	Tracy_Lynn_Cruz	r
T7	disambiguates	T7_phage	r
Newstead	disambiguates	Newstead%2C_South_Kesteven%5D%5D%2C_near_%5B%5BStamford%2C_Lincolnshire	r
Hannu	disambiguates	Hannu_Toivonen	r
Constantin	disambiguates	Constantin_P%C3%AErvulescu%5D%5D%2C_one_of_the_founders_of_the_%5B%5BRomanian_Communist_Party	r
Puebla	disambiguates	Puebla%2C_Puebla	r
Emmons	disambiguates	Emmons_County%2C_North_Dakota	r
Outremont	disambiguates	Outremont_%28electoral_district%29	r
Picard	disambiguates	Picard_language	r
Spectra	disambiguates	Spectra_%28book%29	r
Independiente	disambiguates	Independiente_%28Album%29	r
Ritter	disambiguates	Ritter_Bass_Guitars	r
Melt	disambiguates	Melt_%28Melanie_C_song%29	r
Lil	disambiguates	Lil%27_Cease	r
Glidden	disambiguates	Glidden_Township%2C_Carroll_County%2C_Iowa	r
Drayton	disambiguates	Drayton%2C_Oxfordshire	r
Firefly	disambiguates	Firefly_%28protocol%29	r
Nickelodeon	disambiguates	Nickelodeon_Australia	r
Philip	disambiguates	Philippe_Blain	r
Bertie	disambiguates	Bertie_County%2C_North_Carolina	r
Glyn	disambiguates	Glyn_Stephens	r
Unforgettable	disambiguates	Unforgettable_%28film%29	r
Studholme	disambiguates	Studholme_College%5D%5D%2C_a_college_of_the_%5B%5BUniversity_of_Otago	r
Stanley	disambiguates	Stanley_%281956_TV_series%29	r
Tyranny	disambiguates	Tyranny_%28album%29	r
Pretzsch	disambiguates	Pretzsch%2C_Burgenlandkreis	r
Cooper	disambiguates	Cooper%2C_Lake_County%2C_California	r
Autopsy	disambiguates	Autopsy_%28film%29	r
Amity	disambiguates	Amity_University	r
Merrill	disambiguates	Merrill%27s_Marauders	r
Tracy	disambiguates	Tracy_Torm%C3%A9	r
Yono	disambiguates	Yono%2C_Saitama	r
Chenango	disambiguates	Chenango_Canal	r
Star	disambiguates	Star_%28newspaper%29	r
Onward	disambiguates	Onward_Victoria	r
Nina	disambiguates	Nina_Kotova	r
Wyoming	disambiguates	Wyoming%2C_New_York	r
Donskoy	disambiguates	Donskoy%2C_Novocherkassk%2C_Rostov_Oblast%5D%5D%2C_a_former_urban-type_settlement_in_Rostov_Oblast%2C_Russia%3B_since_2004%E2%80%94a_settlement_of_rural_type_under_jurisdiction_of_%5B%5BNovocherkassk	r
Westwood	disambiguates	Westwood_Village%2C_Los_Angeles%2C_California	r
Jacqueline	disambiguates	Jacqueline_Relke	r
Xiao	disambiguates	Xiao_He	r
Usman	disambiguates	Usman_%28town%29	r
Paranga	disambiguates	Paranga%2C_Russia%5D%5D%2C_an_urban-type_settlement_in_the_%5B%5BMari_El_Republic	r
TDM	disambiguates	TDM%5D%5D%2C_TDM_Technolgoy_Ltd%2C_a_computer_repair_company_involved_in_%5B%5Btechnical_support%5D%5D_and_%5B%5Boutsourcing%5D%5D._Based_in_%5B%5BAuckland%5D%5D%2C_%5B%5BNew_Zealand	r
Nene	disambiguates	Nene_%28musician%29	r
Spyglass	disambiguates	Spyglass%2C_Inc.	r
Norman	disambiguates	Norman%2C_California	r
Izzy	disambiguates	Izzy_Sinclair	r
Alhambra	disambiguates	Alhambra_%28album%29	r
Palmetto	disambiguates	Palmetto%2C_Louisiana	r
Suzuki	disambiguates	Suzuki_Mosaburo	r
Amity	disambiguates	Amity_Teachers_Program	r
M3	disambiguates	M3_Records	r
War	disambiguates	Warwickshire	r
Worth	disambiguates	Worth%2C_West_Sussex	r
Fors	disambiguates	Fors_%28Swedish_village%29	r
Zasavica	disambiguates	Zasavica_%28river%29	r
Wheaton	disambiguates	Wheaton_Academy	r
Turbo	disambiguates	Turbo_button	r
Aero	disambiguates	Aero_Vodochody	r
Kumi	disambiguates	Kumi_University	r
Wildwood	disambiguates	Wildwood_Recreation_Site	r
Ghazi	disambiguates	Ghazi_%28title%29	r
Mangal	disambiguates	Mangal_%28tribe%29	r
Wolfenstein	disambiguates	Wolfenstein_%28series%29	r
Bakersville	disambiguates	Bakersville%2C_North_Carolina	r
Turpin	disambiguates	Turpin_Hills%2C_Ohio	r
Judah	disambiguates	Judah%2C_Indiana	r
Colburn	disambiguates	Colburn%2C_Adams_County%2C_Wisconsin	r
Lima	disambiguates	Lima_District	r
Jacqueline	disambiguates	Jacqueline_Susann	r
Compton	disambiguates	Compton_%28surname%29	r
Talpa	disambiguates	Talpa_%28band%29	r
Conan	disambiguates	Conand	r
Vanish	disambiguates	Vanish_%28brand%29	r
Destroy	disambiguates	Destroy_%28band%29	r
Maes	disambiguates	Maes_pils	r
Armstrong	disambiguates	Armstrong%2C_Florida	r
Eidos	disambiguates	Eidos_Partners	r
Rewrite	disambiguates	Rewrite_%28visual_novel%29	r
Europa	disambiguates	Europa_1400	r
Mecha	disambiguates	Mecha%21	r
Closure	disambiguates	Closure_%28bottle%29	r
Bayonne	disambiguates	Bayonne%5D%5D%2C_a_town_in_southwestern_%5B%5BFrance	r
Hezekiah	disambiguates	Hezekiah_Gaon%5D%5D%2C_last_%5B%5BGaon%5D%5D_of_the_%5B%5BTalmudic_Academies_in_Babylonia	r
Axel	disambiguates	Axel_Oxenstierna	r
Tron	disambiguates	Tron_%28film%29	r
Wellington	disambiguates	Wellington%2C_New_South_Wales	r
AAA	disambiguates	AAA_battery	r
Zevenhuizen	disambiguates	Zevenhuizen_%28Heeze-Leende%29%5D%5D%3B__a_town_in_%5B%5BHeeze-Leende	r
Roxbury	disambiguates	Roxbury%2C_Maine	r
Concrete	disambiguates	Concrete_%28film%29	r
Hult	disambiguates	Hult_Healey	r
Midway	disambiguates	Midway%2C_British_Columbia	r
McLean	disambiguates	McLean_County%2C_North_Dakota	r
Overlord	disambiguates	Overlord_%282007_video_game%29	r
Palliser	disambiguates	Palliser_shot	r
Macaroni	disambiguates	Macaroni_%28film%29	r
Rufus	disambiguates	Rufus_Scrimgeour	r
Vantage	disambiguates	Vantage_Championship	r
Didi	disambiguates	Didi%27s_Comedy_Show	r
Underground	disambiguates	Underground_%28Keaggy_album%29	r
Irwin	disambiguates	Irwin%2C_Ohio	r
Haven	disambiguates	Haven_%28Star_Trek:_The_Next_Generation%29	r
Milton	disambiguates	Milton_Township%2C_Ashland_County%2C_Ohio	r
Magik	disambiguates	Magik_%28comics%29	r
Lem	disambiguates	Lem_Billings	r
Tumba	disambiguates	Tumba%2C_Sweden	r
Sennefer	disambiguates	Sennefer%2C_Chancellor	r
Cosimo	disambiguates	Cosimo_III_de%27_Medici%2C_Grand_Duke_of_Tuscany	r
Penryn	disambiguates	Penryn%2C_Cornwall	r
Yawn	disambiguates	Yawning_Man	r
Dury	disambiguates	Dury%2C_Aisne	r
Psion	disambiguates	Psion_%28novel%29	r
Haywood	disambiguates	Haywood_%28surname%29	r
Auckland	disambiguates	Auckland_Park%2C_Gauteng	r
Jelutong	disambiguates	Jelutong_%28tree%29	r
Phat	disambiguates	Phat_%28comics%29	r
Desensitization	disambiguates	Desensitization_%28telecommunications%29	r
Momentum	disambiguates	Momentum_%28Solar_Car%29	r
Hose	disambiguates	Hose%27s_Frog	r
KIMA	disambiguates	KIMA-TV	r
Penglai	disambiguates	Penglai_Township%5D%5D%2C_%5B%5BSichuan	r
Andersonville	disambiguates	Andersonville%2C_Georgia	r
Pulse	disambiguates	Pulse_%28album%29	r
Lagrange	disambiguates	Lagrange_County%2C_Indiana	r
Photo-story	disambiguates	Photo-story_%28journalism%29%5D%5D%2C_a_distinctive_form_of_%5B%5Bphotojournalism%5D%5D_seen_in_magazines_and_some_newspapers%2C_and_sometimes_called_a_%5B%5Bphoto_essay	r
Bishopric	disambiguates	Bishopric_%28political%29	r
Nardo	disambiguates	Nardo_di_Cione	r
Tethys	disambiguates	Tethys_Ocean	r
Sainte-Genevi%C3%A8ve-des-Bois	disambiguates	Sainte-Genevi%C3%A8ve-des-Bois%2C_Loiret	r
Grafton	disambiguates	Grafton%2C_Nebraska	r
Aragonese	disambiguates	Aragonese_people	r
Khara	disambiguates	Khara-Khoto	r
M62	disambiguates	M62_locomotive	r
Sterling	disambiguates	Sterling%2C_Utah	r
Nambu	disambiguates	Nambu_pistol	r
Defender	disambiguates	Defender_%28association_football%29	r
Alice	disambiguates	Alice_Cooper	r
Nina	disambiguates	Nina_%28singer%29	r
Berg	disambiguates	Berg_%28surname%29	r
Katy	disambiguates	Katy_%28given_name%29	r
Boxer	disambiguates	Boxer_%28band%29	r
Anna	disambiguates	Anna_Cave	r
Zolt%C3%A1n	disambiguates	Zolt%C3%A1n_Czukor	r
Cassandra	disambiguates	Cassandra_Project	r
Fable	disambiguates	Fable_Frolic	r
Templeton	disambiguates	Templeton%2C_Pembrokeshire	r
Arista	disambiguates	Arista_%28biology%29	r
Ahmose	disambiguates	Ahmose_Inhapy	r
Lemma	disambiguates	Lemma_%28linguistics%29	r
Genocide	disambiguates	Genocides_in_history	r
Medium	disambiguates	Medium_%28TV_series%29	r
Tyne	disambiguates	Tyne_Daly	r
Atwell	disambiguates	Atwell_Peak%5D%5D%2C_the_southern_peak_of_%5B%5BMount_Garibaldi	r
Baraka	disambiguates	Barakaldo	r
Mathias	disambiguates	Mathias_Nyg%C3%A5rd	r
Mannlicher	disambiguates	Mannlicher-Sch%C3%B6nauer	r
Baretta	disambiguates	Baretta%2C_Punjab	r
Apo	disambiguates	Apo-eup	r
Valhalla	disambiguates	Valhalla_Swimming_Hall	r
Angelo	disambiguates	Angelo_Buono%2C_Jr.	r
ETEN	disambiguates	ETEN_operation_system	r
Life	disambiguates	Life_%28Des%27ree_song%29	r
Janice	disambiguates	Janice_Felty	r
Cabinet	disambiguates	Cabinet_of_curiosities	r
Binky	disambiguates	Binky_%28Discworld%29	r
Shiloh	disambiguates	Shiloh%2C_Montgomery_County%2C_Ohio	r
Murasame	disambiguates	Murasame_class_destroyer	r
Steambot	disambiguates	Steambot_Chronicles	r
Zaytsev	disambiguates	Zaytsev_%28village%29%5D%5D%2C_a_former_village_%28%27%27khutor%27%27%29_in_the_%5B%5BAdygea	r
Orange	disambiguates	Orange_Polska	r
Malla	disambiguates	Malla_Silfverstolpe	r
Metrovick	disambiguates	Metrovick_950	r
Ainsworth	disambiguates	Ainsworth_State_Park	r
Trust	disambiguates	Trust_%28Keyshia_Cole_song%29	r
Firebrand	disambiguates	Firebrands	r
Chipman	disambiguates	Chipman_Airport_%28Alberta%29	r
Maria	disambiguates	Maria_%28I_Like_It_Loud%29	r
Alagoa	disambiguates	Alagoas%5D%5D%2C_a_northeastern_%5B%5Bstates_of_Brazil	r
Constantin	disambiguates	Constantin_Br%C3%A2ncoveanu%5D%5D%2C_Prince_of_%5B%5BWallachia	r
Rococo	disambiguates	Rococo_%28club%29	r
Nobel	disambiguates	Nobel_Biocare	r
Ballona	disambiguates	Ballona_Wetlands	r
Akan	disambiguates	Akan_language	r
Kunnathur	disambiguates	Kunnathur_%28Tamil_Nadu%29	r
Yakovlev	disambiguates	Yakovlev%5D%5D%27%27%27_refers_to_%5B%5BA.S._Yakovlev_Design_Bureau_JSC	r
Blanche	disambiguates	Blanche_of_Namur	r
Hamburger	disambiguates	Hamburger..._The_Motion_Picture	r
Putu	disambiguates	Putu_Wijaya	r
Hinton	disambiguates	Hinton_Rowan_Helper	r
Felix	disambiguates	Felix_of_Burgundy	r
Kem	disambiguates	Kem_%28crater%29%5D%5D%2C_a_%5B%5BImpact_crater	r
Bono	disambiguates	Bono_Manso	r
Otis	disambiguates	Otis%2C_Oregon	r
Visa	disambiguates	Visa_Debit	r
Shalimar	disambiguates	Shalimar_the_Clown	r
Aloysius	disambiguates	Aloysius_Schmitt	r
Carmel	disambiguates	Carmel%2C_Har_Hebron	r
Bacon	disambiguates	Bacon_%28card_game%29	r
Redbreast	disambiguates	Redbreast_wrasse	r
Sheridan	disambiguates	Sheridan_Stephens	r
Congo	disambiguates	Congo_Bongo	r
Lancaster	disambiguates	Lancaster_Castle	r
Eastcote	disambiguates	Eastcote%2C_West_Midlands	r
SBD	disambiguates	SBD_Dauntless	r
Burleigh	disambiguates	Burleigh_Fields	r
%C5%8Cfuna	disambiguates	%C5%8Cfuna_Station	r
Bena	disambiguates	Bena_language%5D%5D%2C_a_language_in_the_%5B%5BBantu_languages	r
Medina	disambiguates	Medina%2C_Western_Australia	r
Wolfberry	disambiguates	Wolfberry	r
Reicher	disambiguates	Reicher_Synagogue%5D%5D%2C_%5B%5B%C5%81%C3%B3d%C5%BA	r
Sarid	disambiguates	Sarid_%28city%29	r
Deliverance	disambiguates	Deliverance_%28Deliverance_album%29	r
C%C3%A9cile	disambiguates	C%C3%A9cile_Brunschvicg	r
Stroud	disambiguates	Stroud_Township%2C_Pennsylvania	r
Cwm	disambiguates	Cwm%2C_Denbighshire%5D%5D%2C_a_%5B%5BCommunity_%28Wales%29	r
Powerhouse	disambiguates	Powerhouse_%28club%29%5D%5D%2C_a_Rock_and_Metal_club_in_%5B%5BShifnal%5D%5D%2C_%5B%5BShropshire	r
Bolero	disambiguates	Bolero/Kiss_the_Baby_Sky/Wasurenaide	r
Alpha	disambiguates	Alpha%2C_Michigan	r
Sonar	disambiguates	Sonar_Kollektiv	r
Hinterland	disambiguates	Hinterland_%28video_game%29%5D%5D%27%27%2C_a_video_game_by_%5B%5BTilted_Mill	r
Nisi	disambiguates	Nisi	r
Mura	disambiguates	Mura%2C_Spain%5D%5D%2C_a_municipality_in_the_%5B%5BBarcelona_%28province%29	r
Register	disambiguates	Register%2C_Georgia	r
Hazard	disambiguates	Hazard	r
Wheelwright	disambiguates	Wheelwright_Museum_of_the_American_Indian	r
Franklin	disambiguates	Franklin%2C_California	r
Miura	disambiguates	Miura_map_fold	r
Unchained	disambiguates	Unchained_Melody	r
Cascade	disambiguates	Cascade_%28album%29	r
Morehouse	disambiguates	Morehouse%2C_New_York	r
Soso	disambiguates	Soso%2C_Mississippi	r
Templeton	disambiguates	Templeton%2C_South_Ayrshire	r
Heighington	disambiguates	Heighington%2C_Lincolnshire	r
Moray	disambiguates	Moray_Watson	r
Columbian	disambiguates	Columbian_High_School_%28Tiffin%2C_Ohio%29	r
Sedna	disambiguates	Sedna_Planitia	r
Archerfield	disambiguates	Archerfield_Estate_and_Links	r
Peterborough	disambiguates	Peterborough_%28HM_Prison%29	r
Skokomish	disambiguates	Skokomish_River	r
Somerset	disambiguates	Somerset%2C_Kentucky	r
Alison	disambiguates	Alison_%28name%29	r
Perfection	disambiguates	Perfection_%28game%29	r
Krio	disambiguates	Krio_River	r
Malea	disambiguates	Malea_pilosa	r
Sienna	disambiguates	Sienna%2C_Lesser_Poland_Voivodeship	r
Selma	disambiguates	Selma_Bajrami	r
Washingtonian	disambiguates	Washingtonian_movement	r
Fauces	disambiguates	Fauces_%28anatomy%29	r
Newport	disambiguates	Newport%2C_Florida	r
Charisma	disambiguates	Charisma_%28song%29	r
Yemeni	disambiguates	Yemeni_British%5D%5D_and_%5B%5BYemeni_American%5D%5D._For_specific_persons%2C_see_%5B%5BLists_of_Yemenis	r
Vauville	disambiguates	Vauville%2C_Calvados	r
Makale	disambiguates	Makale%2C_Indonesia	r
Gain	disambiguates	Gain_%28information_retrieval%29	r
Fernand	disambiguates	Fernand_de_Brinon	r
Hotshot	disambiguates	Hotshot_%28Stock_character%29	r
Legacy	disambiguates	Legacy_Parkway	r
Mahabad	disambiguates	Mahabad%2C_Mazandaran%5D%5D%2C_a_town_in_%5B%5BMazandaran	r
Shaka	disambiguates	Shaka_sign	r
Clash	disambiguates	Clash_cymbals	r
Stardust	disambiguates	Stardust_Circus%5D%5D%2C_a_popular_%5B%5BAustralia	r
Torre	disambiguates	Torre_Abbey	r
Cabal	disambiguates	Cabal_%28novella%29	r
Identity	disambiguates	Identity_document	r
Emissary	disambiguates	Emissary_%28DS9_episode%29	r
Cris	disambiguates	Cristiano_Marques_Gomes	r
Mila	disambiguates	Mila_Mulroney	r
Jabot	disambiguates	Jabot_Cosmetics	r
Godiva	disambiguates	Godiva_%28band%29	r
Demetrius	disambiguates	Demetrius_of_Sounion	r
Tact	disambiguates	Tact_Meyers	r
Carlton	disambiguates	Carlton%2C_Kansas	r
Memory	disambiguates	Memory	r
MRAP	disambiguates	MRAP_%28French_NGO%29	r
Agro-	disambiguates	Agro-pastoralism	r
Youngblood	disambiguates	Youngblood_Brass_Band	r
Mortlake	disambiguates	Mortlake%2C_Connecticut	r
Chota	disambiguates	Chota%2C_Ecuador	r
Unplugged	disambiguates	Unplugged_%28The_Korgis_album%29	r
Ama	disambiguates	Ama%2C_Louisiana	r
Domitia	disambiguates	Domitia_Lepida%5D%5D%2C_sister_of_the_following%2C_mother_of_the_Roman_Empress_%5B%5BValeria_Messalina	r
Westworld	disambiguates	Westworld_%28British_band%29	r
Abortive	disambiguates	Abortive_flower	r
Qurtoba	disambiguates	Qurtoba_School_Jouf_Saudi_Arabia%5D%5D%2C_a_school_in_%5B%5BSaudi_Arabia	r
Lakkidi	disambiguates	Lakkidi_%28Wayanad%29%5D%5D%2C_a_small_village_in_%5B%5BWayanad%5D%5D_District_of_%5B%5BKerala	r
Waltz	disambiguates	Waltz_%28song%29	r
CTE	disambiguates	CTE5	r
Chatel	disambiguates	Chatel-Ch%C3%A9h%C3%A9ry	r
Beauvau	disambiguates	Beauvau_family_%5D%5D%27%27%27_is_a_historic_noble_family_from_%5B%5BAnjou%5D%5D%2C_since_naturalised_in_%5B%5BLorraine_%28region%29	r
Meta	disambiguates	Meta%2C_Kentucky	r
Westview	disambiguates	Westview_High_School_%28San_Diego%29	r
Francis	disambiguates	Francis_of_Assisi	r
Duplessis	disambiguates	Duplessis	r
Milton	disambiguates	Milton%2C_Cambridgeshire	r
Fairey	disambiguates	Fairey_Seal	r
Herbie	disambiguates	Herbie_%28film%29	r
Berwick	disambiguates	Berwick_%28cricketer%29	r
Carrizo	disambiguates	Carrizo_Springs%2C_Texas	r
Mugunghwa	disambiguates	Mugunghwa-ho	r
Nemegt	disambiguates	Nemegt_Basin%5D%5D:_the_%5B%5BTopography	r
Touch	disambiguates	Touch_%28Unix%29	r
Pathfinder	disambiguates	Pathfinder_%28pricing_game%29	r
Mobitel	disambiguates	Mobitel_%28Iraq-Kurdistan%29	r
Byron	disambiguates	Byron_Wetherly%5D%5D%2C_a_character_from_%5B%5BRichie_Tankersley_Cusick	r
Fabien	disambiguates	Fabien_Ch%C3%A9reau	r
Galatea	disambiguates	Galatea%2C_or_Pygmalion_Reversed	r
Tunica	disambiguates	Tunica%2C_Mississippi	r
Foxfire	disambiguates	Foxfire:_Confessions_of_a_Girl_Gang	r
Velur	disambiguates	Velur%2C_Tamil_Nadu	r
Lao	disambiguates	Lao_language%5D%5D.__See_also_%5B%5BLanguages_of_Laos	r
Huma	disambiguates	Huma_Hatun	r
Tulloch	disambiguates	Tulloch_Mountain	r
Heysel	disambiguates	Heysel_Stadium_Disaster	r
Pi	disambiguates	Pie_%28disambiguation%29	r
Corte	disambiguates	Corte_Palasio%5D%5D%2C_in_the_%5B%5Bprovince_of_Lodi	r
Mathias	disambiguates	Mathias_Kiwanuka	r
Theme	disambiguates	Theme_magazine	r
Smash	disambiguates	Smash_%28Jackson_and_His_Computer_Band_album%29	r
2XL	disambiguates	2XL_%28band%29	r
Run-up	disambiguates	Run-up_%28aviation%29	r
Assyriska	disambiguates	Assyriska_F%C3%B6reningen	r
Left	disambiguates	Left_%28direction%29	r
Curve	disambiguates	Curve_%28magazine%29	r
Eastwood	disambiguates	Eastwood%2C_Syracuse	r
Superman	disambiguates	Superman_%28It%27s_Not_Easy%29	r
Gary	disambiguates	Gary%2C_Tampa%2C_Florida	r
Portugal	disambiguates	Portugalete	r
Alachua	disambiguates	Alachua%2C_Florida	r
Predator	disambiguates	Predator_%28film%29	r
Saint-Christophe	disambiguates	Saint-Christophe-le-Chaudry	r
EFG	disambiguates	EFGaming	r
HSL	disambiguates	HSL_1%5D%5D%2C_%5B%5BHSL_2%5D%5D%2C_%5B%5BHSL_3%5D%5D%2C_%5B%5BHSL_4	r
Parallelism	disambiguates	Parallelism_%28rhetoric%29	r
Morrison	disambiguates	Morrison%2C_Iowa	r
Folio	disambiguates	Folio_Weekly	r
Unbreakable	disambiguates	Unbreakable_%28Evermore_song%29	r
Hiwassee	disambiguates	Hiwassee_College%5D%5D_%26mdash%3B_a_junior_college_in_%5B%5BMadisonville%2C_Tennessee	r
Apple	disambiguates	Apple_Inc.	r
Albion	disambiguates	Albion%2C_California	r
Ch%C3%A2teauneuf	disambiguates	Ch%C3%A2teauneuf-du-Faou%5D%5D%2C__%5B%5BFinist%C3%A8re	r
Clarendon	disambiguates	Clarendon_College_%28Texas%29	r
Angelina	disambiguates	Angelina_Eberly	r
Germania	disambiguates	Germania_Assembly_Rooms	r
Judith	disambiguates	Judith_%28Giorgione%29	r
Pascagoula	disambiguates	Pascagoula	r
Ilam	disambiguates	Ilam%2C_Iran%5D%5D%2C_city%2C_capital_of_%5B%5BIlam_Province	r
Underworld	disambiguates	Underworld_%28Divinyls_album%29	r
Cascade	disambiguates	Cascade_Valley%2C_Washington	r
Machair	disambiguates	Machair%5D%5D%2C_a_Scottish_Gaelic_word_referring_to_the_fertile_grassland_near_the_shore%2C_particularly_prevalent_in_the_%5B%5BOuter_Hebrides	r
Worth	disambiguates	Worth%2C_Illinois	r
Alden	disambiguates	Alden_%28crater%29	r
Melba	disambiguates	Melba_toast	r
Kiosk	disambiguates	Kiosk%2C_Ontario%5D%5D_a_former_community_on_Kioshkokwi_Lake_in_northern_%5B%5BAlgonquin_Park	r
Give	disambiguates	Give_%28album%29	r
Jay	disambiguates	Jay_Township	r
Raina	disambiguates	Raina%2C_Bardhaman	r
Neukirchen	disambiguates	Neukirchen_am_Ostrong%5D%5D%2C_a_part_of_%5B%5BP%C3%B6ggstall	r
OK	disambiguates	OK_%28Farin_Urlaub_song%29	r
Petersburg	disambiguates	Petersburg%2C_Wisconsin	r
Lucifer	disambiguates	Lucifer_%28magazine%29	r
Quantum	disambiguates	Quantum_GIS%5D%5D%2C_an_%5B%5Bopen_source%5D%5D_%5B%5BGIS	r
Matsui	disambiguates	Matsui_%28construction_company%29	r
Ganz	disambiguates	Ganz%2C_Austria%5D%5D%2C_a_town_in_the_district_of_%5B%5BM%C3%BCrzzuschlag_%28district%29	r
Pioneer	disambiguates	Pioneer_Surgical_Technology	r
KLEA	disambiguates	KLEA-FM	r
I-War	disambiguates	I-War_%28Independence_War%29%5D%5D_%28also_known_as_%27%27Independence_War%27%27%29%2C_a_%5B%5Bspace_combat_simulator%5D%5D_%5B%5Bvideo_game	r
Esopus	disambiguates	Esopus_Creek	r
Bloom	disambiguates	Bloom%2C_Kansas	r
Crump	disambiguates	Crump%2C_Tennessee	r
Samper	disambiguates	Samper_del_Salz	r
Xixi	disambiguates	Xixi_National_Wetland_Park	r
Rockingham	disambiguates	Rockingham_Motor_Speedway	r
Fishtank	disambiguates	Fishtank_Ensemble	r
Jayce	disambiguates	Jayce_and_the_Wheeled_Warriors	r
Calypso	disambiguates	Calypso_%28song%29	r
Shabnam	disambiguates	Shabnam_Surayyo	r
Miramar	disambiguates	Miramar%2C_Baja_California	r
Crossroads	disambiguates	Crossroads_%28Battlestar_Galactica%29	r
Kirishima	disambiguates	Kirishima_Kazuhiro%5D%5D%2C_a_retired_Japanese_%5B%5Bsumo	r
Gaston	disambiguates	Gaston_Glock	r
Dobra	disambiguates	Dobra_%28river%29	r
Addis	disambiguates	Addis%2C_Louisiana	r
Primary	disambiguates	Primary_%28LDS_Church%29	r
Umbra	disambiguates	Umbra_%28comics%29	r
Vox	disambiguates	Vox_%28blogging_platform%29	r
Plenum	disambiguates	Plenum_chamber	r
Restless	disambiguates	Restlessness	r
WHIZ	disambiguates	WHIZ-FM	r
Luna	disambiguates	Luna_%28vehicle%29	r
Nikkei	disambiguates	Nikkei_225%5D%5D	r
Devious	disambiguates	Devious_Diesel%23Diesel	r
Tabata	disambiguates	Tabata	r
Broad-billed	disambiguates	Broad-billed_Tody	r
Owatonna	disambiguates	Owatonna%2C_Minnesota	r
New	disambiguates	New_%28EP%29%5D%5D%2C_an_EP_from_Australian_Alternative_rock_band_%5B%5BRegurgitator	r
Lens	disambiguates	Lens%2C_Belgium	r
Kassie	disambiguates	Kassie_%28Australia%29	r
Akamatsu	disambiguates	Akamatsu_Mitsusuke	r
Venice	disambiguates	Venice%2C_Louisiana	r
Wawa	disambiguates	Wawa%2C_Ontario	r
Drover	disambiguates	Drovers_road	r
Unforgettable	disambiguates	Unforgettable..._with_Love	r
Vologases	disambiguates	Vologases_VI_of_Parthia	r
Prototype	disambiguates	Prototype-based_programming	r
Automatic	disambiguates	Automatic_firearm	r
Madrid	disambiguates	Madrid%2C_Colombia	r
Hahn	disambiguates	Hahn_bei_Marienberg	r
Tamura	disambiguates	Tamura_%28surname%29	r
Mappa	disambiguates	Mappa_Mundi	r
Colby	disambiguates	Colby_Cooper	r
Snead	disambiguates	Snead%2C_Alabama	r
Timiryazev	disambiguates	Timiryazeva%2C_Irkutsk_Oblast%5D%5D%2C_a_village_in_%5B%5BIrkutsk_Oblast	r
Dunster	disambiguates	Dunster	r
