"Mottolä"	"Mottola"
"Mottöla"	"Mottola"
"Mottölä"	"Mottola"
"Möttola"	"Mottola"
"Möttolä"	"Mottola"
"Möttöla"	"Mottola"
"Möttölä"	"Mottola"
"Salumäe"	"Salumae"
"Hervás"	"Hervas"
"Osório"	"Osorio"
"Våle"	"vale"
"Mexicó"	"Mexico"
"Adélie"	"Adelie"
"Väse"	"vase"
"Söder"	"Soder"
"Jónsson"	"Jonsson"
"Jönsson"	"Jonsson"
"Décentralisation"	"decentralisation"
"Tünde"	"Tunde"
"Château"	"chateau"
"Hájek"	"Hajek"
"Löwenstein"	"Lowenstein"
"Cové"	"cove"
"Larivière"	"Lariviere"
"Pénélope"	"Penelope"
"Créole"	"Creole"
"Stöcker"	"Stocker"
"Vilén"	"Vilen"
"Valença"	"Valenca"
"Bühl"	"Buhl"
"Genève"	"Geneve"
"Génève"	"Geneve"
"Atlántico"	"Atlantico"
"Tümen"	"Tumen"
"Villé"	"Ville"
"Bürg"	"Burg"
"Búri"	"Buri"
"Büri"	"Buri"
"Toupée"	"Toupee"
"Lancé"	"lance"
"Hägen"	"Hagen"
"Führer"	"Fuhrer"
"Höri"	"Hori"
"Hörn"	"Horn"
"Démodé"	"demode"
"Stárkov"	"Starkov"
"Raphaël"	"Raphael"
"Sôber"	"Sober"
"Klöckner"	"Klockner"
"Lanë"	"Lane"
"Lány"	"Lany"
"Krivoklát"	"Krivoklat"
"Pudú"	"Pudu"
"Vinäs"	"Vinas"
"Wærns"	"warns"
"Premières"	"premieres"
"Úrsula"	"Ursula"
"Pukë"	"Puke"
"Ménage"	"menage"
"Cocorná"	"Cocorna"
"Zauberflöte"	"Zauberflote"
"Hércules"	"Hercules"
"Labé"	"Labe"
"Láir"	"Lair"
"Láin"	"Lain"
"Engagé"	"engage"
"Phélypeaux"	"Phelypeaux"
"Hernándezes"	"Hernandezes"
"Lamé"	"Lame"
"Lamá"	"Lama"
"Jonquière"	"Jonquiere"
"Lalô"	"Lalo"
"Mölten"	"Molten"
"Türbe"	"Turbe"
"Girón"	"Giron"
"Pédant"	"pedant"
"Céline"	"Celine"
"Turów"	"Turow"
"Fouqué"	"Fouque"
"Türkü"	"Turku"
"Fossé"	"Fosse"
"Miláno"	"Milano"
"Montevidéo"	"Montevideo"
"Grünfeld"	"Grunfeld"
"Hydro-Québec"	"Hydro-Quebec"
"Hànôi"	"Hanoi"
"Büchner"	"Buchner"
"Falcón"	"falcon"
"Poptún"	"Poptun"
"László"	"Laszlo"
"Pötting"	"potting"
"Alarcón"	"Alarcon"
"Fürstenberg"	"Furstenberg"
"Manassê"	"Manasse"
"Hagström"	"Hagstrom"
"Vaudéville"	"vaudeville"
"Pâtisserie"	"patisserie"
"Népszabadság"	"Nepszabadsag"
"Bérenger"	"Berenger"
"Takács"	"Takacs"
"Moussé"	"mousse"
"Vénissieux"	"Venissieux"
"Håkan"	"Hakan"
"Freischütz"	"Freischutz"
"Montluçon"	"Montlucon"
"Comé"	"come"
"Éloise"	"Eloise"
"Côle"	"cole"
"Matinée"	"matinee"
"Méringue"	"meringue"
"Glyfáda"	"Glyfada"
"Právo"	"Pravo"
"Crixás"	"Crixas"
"Schächter"	"Schachter"
"Hángzhou"	"Hangzhou"
"Lévy"	"Levy"
"Færoes"	"Faroes"
"Haliç"	"Halic"
"Tietê"	"Tiete"
"Huldufólk"	"Huldufolk"
"Córdoba"	"Cordoba"
"Chaudière"	"Chaudiere"
"Hüls"	"Huls"
"Tielé"	"Tiele"
"Vaudéville"	"Vaudeville"
"Märket"	"market"
"Lycées"	"lycees"
"Sölvi"	"Solvi"
"Ballstädt"	"Ballstadt"
"Corés"	"cores"
"Vivès"	"Vives"
"Médéa"	"Medea"
"Poté"	"Pote"
"Nætur"	"Natur"
"Chimoré"	"Chimore"
"Visé"	"vise"
"Popé"	"Pope"
"Libéria"	"Liberia"
"Liberté"	"Liberte"
"Frashër"	"Frasher"
"Formulæ"	"formula"
"Yucatán"	"Yucatan"
"Titán"	"titan"
"Sobibór"	"Sobibor"
"Fürth"	"Furth"
"Pöls"	"Pols"
"Fürst"	"Furst"
"Cándido"	"Candido"
"Cândido"	"Candido"
"Calderón"	"Calderon"
"Cloisonné"	"Cloisonne"
"Pöhl"	"Pohl"
"Cándida"	"Candida"
"Sónar"	"Sonar"
"Bürgel"	"Burgel"
"Bürger"	"Burger"
"Damé"	"Dame"
"Dáin"	"Dain"
"Vitéz"	"Vitez"
"Wikström"	"Wikstrom"
"Sócrates"	"Socrates"
"Darány"	"Darany"
"Hübner"	"Hubner"
"Darè"	"Dare"
"Besançon"	"Besancon"
"Fräulein"	"Fraulein"
"Dasà"	"Dasa"
"Höfer"	"Hofer"
"Mühlberg"	"Muhlberg"
"Désiré"	"desire"
"Dány"	"Dany"
"Königsberg"	"Konigsberg"
"Mokotów"	"Mokotow"
"Ávila"	"Avila"
"Navès"	"Naves"
"Château"	"Chateau"
"Avión"	"Avion"
"Forcé"	"Force"
"Limé"	"Lime"
"Forté"	"Forte"
"Véronique"	"Veronique"
"Nägele"	"Nagele"
"Étouffée"	"etouffee"
"Créon"	"Creon"
"Caër"	"Caer"
"Cáer"	"Caer"
"Café"	"Cafe"
"Barabás"	"Barabas"
"Cacá"	"Caca"
"Yamané"	"Yamane"
"Calò"	"Calo"
"Hervé"	"Herve"
"Câmp"	"Camp"
"Höchberg"	"Hochberg"
"Bobrów"	"Bobrow"
"Möller"	"Moller"
"Pentecôte"	"pentecote"
"Hiré"	"Hire"
"Stöcker"	"stocker"
"Lodè"	"Lode"
"Phaëton"	"Phaeton"
"Náxos"	"Naxos"
"Abrantès"	"Abrantes"
"Apéritif"	"aperitif"
"Löwe"	"Lowe"
"Loré"	"Lore"
"Véry"	"very"
"Almodôvar"	"Almodovar"
"Élite"	"elite"
"Fécamp"	"Fecamp"
"Lomé"	"Lome"
"Unzué"	"Unzue"
"Déjà"	"Deja"
"Müller"	"Muller"
"Metapán"	"Metapan"
"Havré"	"Havre"
"Dedê"	"Dede"
"Désiré"	"Desire"
"Coupé"	"coupe"
"Atitlán"	"Atitlan"
"Kâmpuchea"	"Kampuchea"
"Enragés"	"enrages"
"Nausicaä"	"Nausicaa"
"Nausicäa"	"Nausicaa"
"Hölstein"	"Holstein"
"Manqué"	"manque"
"Galván"	"Galvan"
"Alcántara"	"Alcantara"
"Alcântara"	"Alcantara"
"Petrová"	"Petrova"
"Rheinmünster"	"Rheinmunster"
"Chenières"	"Chenieres"
"Désert"	"Desert"
"Sinéad"	"Sinead"
"Präz"	"Praz"
"Piqué"	"Pique"
"Coupés"	"coupes"
"Chrétien"	"Chretien"
"Serviès"	"Servies"
"Molnár"	"Molnar"
"Kavajë"	"Kavaje"
"Façade"	"facade"
"Kávala"	"Kavala"
"Cély"	"Cely"
"Tönder"	"Tonder"
"Célé"	"Cele"
"Villé"	"ville"
"Corrèze"	"Correze"
"Corréze"	"Correze"
"Crédito"	"credito"
"Glückstadt"	"Gluckstadt"
"Lewków"	"Lewkow"
"Kifissiá"	"Kifissia"
"Gendér"	"Gender"
"Hrádek"	"Hradek"
"Roldán"	"Roldan"
"Opéra"	"Opera"
"Ópera"	"Opera"
"Therèse"	"Therese"
"Expansión"	"Expansion"
"Cardón"	"Cardon"
"Grevé"	"Greve"
"Helgö"	"Helgo"
"Árpád"	"Arpad"
"Alférez"	"Alferez"
"Mêmo"	"memo"
"Pilón"	"Pilon"
"Bèbè"	"Bebe"
"Bébé"	"Bebe"
"Lübs"	"Lubs"
"Meré"	"mere"
"Méré"	"mere"
"Lucé"	"Luce"
"Metê"	"mete"
"Lobão"	"Lobao"
"Zubák"	"Zubak"
"Pflüger"	"Pfluger"
"Jamón"	"Jamon"
"Vertebræ"	"vertebra"
"Baltazár"	"Baltazar"
"Rhône-Poulenc"	"Rhone-Poulenc"
"Gusmão"	"Gusmao"
"Brassó"	"Brasso"
"Atmosphères"	"atmospheres"
"Séance"	"seance"
"França"	"franca"
"Bávaro"	"Bavaro"
"Manéssé"	"Manesse"
"Länder"	"lander"
"Kádár"	"Kadar"
"Chargé"	"Charge"
"Cháo"	"Chao"
"Chão"	"Chao"
"Téléphone"	"Telephone"
"Brundibár"	"Brundibar"
"Chée"	"Chee"
"Bergère"	"Bergere"
"Soufflé"	"souffle"
"Schäuble"	"Schauble"
"Lières"	"Lieres"
"Alcobaça"	"Alcobaca"
"Henån"	"Henan"
"Hénán"	"Henan"
"Mémorial"	"memorial"
"Janów"	"Janow"
"Simplé"	"Simple"
"Swissôtel"	"Swissotel"
"Hénin"	"Henin"
"Výron"	"Vyron"
"Chevènement"	"Chevenement"
"Taché"	"Tache"
"Uberlândia"	"Uberlandia"
"Skåla"	"Skala"
"Bédard"	"Bedard"
"Väsa"	"Vasa"
"Opiná"	"Opina"
"Soúda"	"Souda"
"Hébert"	"Hebert"
"Pátria"	"Patria"
"Tábor"	"Tabor"
"Ségalas"	"Segalas"
"Völs"	"vols"
"Zagórski"	"Zagorski"
"Våle"	"Vale"
"Ivanhoé"	"Ivanhoe"
"Sosúa"	"Sosua"
"Département"	"departement"
"Exposé"	"expose"
"Précis"	"precis"
"Colón"	"colon"
"Klinë"	"Kline"
"Sölden"	"Solden"
"Kabát"	"Kabat"
"Ángeles"	"Angeles"
"Déjà"	"deja"
"Tonalá"	"Tonala"
"Álvaro"	"Alvaro"
"Gréville"	"Greville"
"Çine"	"Cine"
"Arnót"	"Arnot"
"Hernándo"	"Hernando"
"Gándara"	"Gandara"
"Gândara"	"Gandara"
"Cikó"	"Ciko"
"Béja"	"Beja"
"Apostrophé"	"apostrophe"
"Bény"	"Beny"
"Mátyás"	"Matyas"
"Bèna"	"Bena"
"Bélo"	"Belo"
"Ángel"	"Angel"
"Belá"	"Bela"
"Béla"	"Bela"
"Cirò"	"Ciro"
"Kläppa"	"Klappa"
"Hârn"	"Harn"
"Makó"	"mako"
"Cancún"	"Cancun"
"Planté"	"Plante"
"Háje"	"Haje"
"Háma"	"Hama"
"Brünnhilde"	"Brunnhilde"
"Macé"	"mace"
"Béard"	"beard"
"Ráfales"	"Rafales"
"Maté"	"mate"
"Máté"	"mate"
"Entrepôt"	"entrepot"
"Pigüé"	"Pigue"
"Prévost"	"Prevost"
"Mazé"	"maze"
"Antônia"	"Antonia"
"Mány"	"many"
"Chángchun"	"Changchun"
"Malè"	"male"
"Malé"	"male"
"Mâle"	"male"
"Sören"	"Soren"
"Maré"	"mare"
"Märe"	"mare"
"Mære"	"mare"
"Márk"	"mark"
"Planès"	"Planes"
"Zürs"	"Zurs"
"Kapitän"	"Kapitan"
"Navès"	"naves"
"Ekáli"	"Ekali"
"Ismaël"	"Ismael"
"Séguéla"	"Seguela"
"Caniçal"	"Canical"
"Hæåk"	"Haak"
"Lladró"	"Lladro"
"Jörgen"	"Jorgen"
"Håga"	"Haga"
"Chávez"	"Chavez"
"Désert"	"desert"
"Hergé"	"Herge"
"Fouché"	"Fouche"
"Pédants"	"pedants"
"Maranhão"	"Maranhao"
"Canapé"	"Canape"
"Lopës"	"lopes"
"Ouvéa"	"Ouvea"
"Anikó"	"Aniko"
"Väring"	"Varing"
"Ariès"	"Aries"
"Jösse"	"Josse"
"Boléro"	"bolero"
"Sântana"	"Santana"
"Batroûn"	"Batroun"
"Luxé"	"Luxe"
"Lüst"	"Lust"
"Lütz"	"Lutz"
"Chassé"	"Chasse"
"Lupé"	"Lupe"
"Darè"	"dare"
"Damé"	"dame"
"Lúka"	"Luka"
"Dagö"	"dago"
"Bouché"	"bouche"
"Jocón"	"Jocon"
"Hermès"	"Hermes"
"Kármán"	"Karman"
"Argés"	"Arges"
"Mûres"	"Mures"
"Dieudonné"	"Dieudonne"
"Françoise"	"Francoise"
"Damián"	"Damian"
"Télam"	"Telam"
"Côle"	"Cole"
"Comé"	"Come"
"Maimón"	"Maimon"
"Côté"	"Cote"
"Cové"	"Cove"
"Cuauhtémoc"	"Cuauhtemoc"
"Gröden"	"Groden"
"Pölitz"	"Politz"
"Déirdre"	"Deirdre"
"Mölnlycke"	"Molnlycke"
"Hernán"	"Hernan"
"Réal"	"real"
"Strömberg"	"Stromberg"
"Ioánnina"	"Ioannina"
"Gérson"	"Gerson"
"Juárez"	"Juarez"
"Pölich"	"Polich"
"Zöyä"	"Zoya"
"Blót"	"Blot"
"Hénault"	"Henault"
"Idlès"	"idles"
"Piève"	"Pieve"
"Staël"	"Stael"
"Florián"	"Florian"
"Berenicë"	"Berenice"
"Bérénice"	"Berenice"
"Takéo"	"Takeo"
"Virú"	"Viru"
"Visé"	"Vise"
"Hébei"	"Hebei"
"Bobô"	"Bobo"
"Stâna"	"Stana"
"Boën"	"Boen"
"Böde"	"Bode"
"Pietà"	"Pieta"
"Pietá"	"Pieta"
"Mohéli"	"Moheli"
"Böhm"	"Bohm"
"Bierné"	"Bierne"
"Wärtsilä"	"Wartsila"
"Eunápolis"	"Eunapolis"
"Bôle"	"Bole"
"Böle"	"Bole"
"Jasná"	"Jasna"
"Coppélia"	"Coppelia"
"Müllerian"	"Mullerian"
"Bowé"	"Bowe"
"Anglès"	"Angles"
"Moné"	"mone"
"Göring"	"goring"
"Fantázia"	"Fantazia"
"Régime"	"regime"
"Möve"	"move"
"Fåker"	"faker"
"Région"	"region"
"Moré"	"more"
"Möre"	"more"
"Zhuàng"	"Zhuang"
"Gráda"	"Grada"
"Hérodiade"	"Herodiade"
"Eichstädt"	"Eichstadt"
"Güns"	"Guns"
"Princé"	"prince"
"Güce"	"Guce"
"Tâmpa"	"Tampa"
"Tamón"	"Tamon"
"Värtan"	"Vartan"
"Münch"	"Munch"
"Dubów"	"Dubow"
"Asunción"	"Asuncion"
"Révillon"	"Revillon"
"Västeras"	"Vasteras"
"Västerås"	"Vasteras"
"Raná"	"rana"
"Râna"	"rana"
"Råna"	"rana"
"Fáith"	"faith"
"Asmära"	"Asmara"
"Knäck"	"knack"
"Höhner"	"Hohner"
"Anzère"	"Anzere"
"Lúpin"	"lupin"
"Thiès"	"Thies"
"Köhler"	"Kohler"
"Antón"	"Anton"
"Milü"	"milu"
"Granö"	"Grano"
"Miré"	"mire"
"Cécile"	"Cecile"
"Macé"	"Mace"
"Moroleón"	"Moroleon"
"Mahé"	"Mahe"
"Sololá"	"Solola"
"Chalon-sur-Saône"	"Chalon-sur-Saone"
"Säffle"	"Saffle"
"Curé"	"cure"
"Baden-Württemberg"	"Baden-Wurttemberg"
"Popocatépetl"	"Popocatepetl"
"Hôrka"	"Horka"
"Maté"	"Mate"
"Máté"	"Mate"
"Fáilte"	"Failte"
"Allée"	"allee"
"Támar"	"Tamar"
"Horák"	"Horak"
"Mazé"	"Maze"
"Malå"	"Mala"
"Mæla"	"Mala"
"Malè"	"Male"
"Malé"	"Male"
"Mâle"	"Male"
"Beltrán"	"Beltran"
"Vásquez"	"Vasquez"
"Mány"	"Many"
"Maná"	"Mana"
"Måna"	"Mana"
"Máni"	"Mani"
"Mánd"	"Mand"
"Brändö"	"Brando"
"Brændt"	"Brandt"
"Vidå"	"Vida"
"Encarnação"	"Encarnacao"
"Herrán"	"Herran"
"Rädi"	"radi"
"Råda"	"rada"
"Márk"	"Mark"
"Maré"	"Mare"
"Märe"	"Mare"
"Mære"	"Mare"
"Gerákas"	"Gerakas"
"Brélidy"	"Brelidy"
"Invasión"	"invasion"
"Véry"	"Very"
"Vère"	"Vere"
"Véro"	"Vero"
"Wörth"	"Worth"
"Pláton"	"Platon"
"Volcán"	"Volcan"
"Húns"	"huns"
"Attaché"	"Attache"
"Popayán"	"Popayan"
"Mallarmé"	"Mallarme"
"Schönfeld"	"Schonfeld"
"Curé"	"Cure"
"Mérges"	"merges"
"Hoppé"	"Hoppe"
"Blasé"	"Blase"
"Aurrerá"	"Aurrera"
"Blâme"	"Blame"
"Aráoz"	"Araoz"
"Jóhannsson"	"Johannsson"
"Karinë"	"Karine"
"Polgár"	"Polgar"
"Maillé"	"Maille"
"Shalë"	"shale"
"Brös"	"Bros"
"Bród"	"Brod"
"Vogüé"	"Vogue"
"Táska"	"Taska"
"Români"	"Romani"
"Romário"	"Romario"
"Máximo"	"Maximo"
"Kaské"	"Kaske"
"Åsta"	"Asta"
"Métamorphose"	"metamorphose"
"Sjöbo"	"Sjobo"
"Barão"	"Barao"
"Tucumán"	"Tucuman"
"Préty"	"prety"
"Mahón"	"Mahon"
"Bârca"	"Barca"
"Bärby"	"Barby"
"Friedländer"	"Friedlander"
"Zéro"	"Zero"
"Zéta"	"Zeta"
"Discothèque"	"Discotheque"
"Magán"	"Magan"
"Böde"	"bode"
"Degré"	"Degre"
"Schüller"	"Schuller"
"Bordón"	"Bordon"
"Isön"	"Ison"
"Búsqueda"	"Busqueda"
"Iguaçu"	"Iguacu"
"Ãtmã"	"Atma"
"Magné"	"Magne"
"Anáhuac"	"Anahuac"
"Pétionville"	"Petionville"
"Fränkel"	"Frankel"
"Æter"	"Ater"
"Bülent"	"Bulent"
"Çorman"	"Corman"
"Léonard"	"Leonard"
"Iphigénie"	"Iphigenie"
"Mödling"	"Modling"
"Balatá"	"Balata"
"Meré"	"Mere"
"Méré"	"Mere"
"Veszprém"	"Veszprem"
"Méru"	"Meru"
"Zhào"	"Zhao"
"Dêgên"	"Degen"
"Suède"	"suede"
"Méon"	"Meon"
"Mêmo"	"Memo"
"Mélo"	"Melo"
"Écija"	"Ecija"
"Bogotá"	"Bogota"
"Juré"	"jure"
"Mées"	"Mees"
"Mêda"	"Meda"
"Günzburg"	"Gunzburg"
"Réunion"	"Reunion"
"Inácio"	"Inacio"
"Jûdô"	"judo"
"Sabé"	"sabe"
"Morán"	"Moran"
"Boléro"	"Bolero"
"Årum"	"Arum"
"Mörel"	"Morel"
"Périphérique"	"peripherique"
"Antillón"	"Antillon"
"Hélder"	"Helder"
"Irán"	"Iran"
"Irãn"	"Iran"
"Arló"	"Arlo"
"Balázs"	"Balazs"
"Ryôsuke"	"Ryosuke"
"Arnö"	"Arno"
"Arné"	"Arne"
"Azángaro"	"Azangaro"
"Cristóbal"	"Cristobal"
"Arén"	"Aren"
"Arès"	"Ares"
"Börger"	"Borger"
"Mäder"	"Mader"
"Teófilo"	"Teofilo"
"România"	"Romania"
"Méribel"	"Meribel"
"Rüdiger"	"Rudiger"
"Jihâd"	"Jihad"
"Avilés"	"Aviles"
"Cáceres"	"Caceres"
"Sérusier"	"Serusier"
"Madré"	"Madre"
"Hélène"	"Helene"
"Sautéing"	"sauteing"
"Zanè"	"Zane"
"Dörth"	"Dorth"
"Gröben"	"Groben"
"Torrontés"	"Torrontes"
"Blót"	"blot"
"Mação"	"Macao"
"Macãu"	"Macau"
"Púbol"	"Pubol"
"Smörgåsbord"	"smorgasbord"
"Omónia"	"Omonia"
"Skarsgård"	"Skarsgard"
"Córdoba"	"cordoba"
"Berriozábal"	"Berriozabal"
"Résistance"	"resistance"
"Beaucé"	"Beauce"
"Romanów"	"Romanow"
"Linnéa"	"Linnea"
"Mâcon"	"Macon"
"Bâlta"	"Balta"
"Völkl"	"Volkl"
"Sepúlveda"	"Sepulveda"
"Béchamel"	"bechamel"
"Débutante"	"debutante"
"Châteauguay"	"Chateauguay"
"Rabé"	"Rabe"
"Rába"	"Raba"
"Début"	"Debut"
"Betbèze"	"Betbeze"
"Miró"	"Miro"
"Râca"	"Raca"
"Ráby"	"Raby"
"Råby"	"Raby"
"Gudrún"	"Gudrun"
"Bärby"	"barby"
"Paranaguá"	"Paranagua"
"Râja"	"Raja"
"Trois-Rivières"	"Trois-Rivieres"
"Ragù"	"Ragu"
"Ragú"	"Ragu"
"Ünen"	"Unen"
"Råda"	"Rada"
"Råde"	"Rade"
"Radó"	"Rado"
"Mélodie"	"Melodie"
"SÄPO"	"SAPO"
"Chlamydiæ"	"chlamydia"
"Cóndor"	"Condor"
"Empordà"	"Emporda"
"Jürgens"	"Jurgens"
"Bingöl"	"Bingol"
"Cadaqués"	"Cadaques"
"Avià"	"Avia"
"Iván"	"Ivan"
"Cuvée"	"Cuvee"
"Szentgotthárd"	"Szentgotthard"
"Début"	"debut"
"Égat"	"Egat"
"Lavallée"	"Lavallee"
"Dérive"	"derive"
"Bazán"	"Bazan"
"Köten"	"Koten"
"Apostrophé"	"Apostrophe"
"Éclair"	"eclair"
"Iráklion"	"Iraklion"
"Alcúdia"	"Alcudia"
"Warnemünde"	"Warnemunde"
"Válor"	"Valor"
"Quércia"	"Quercia"
"Rudná"	"Rudna"
"Württemberg"	"Wurttemberg"
"Vingtième"	"Vingtieme"
"Usulután"	"Usulutan"
"Vancé"	"Vance"
"Urabá"	"Uraba"
"Académie"	"Academie"
"Óscar"	"Oscar"
"Glück"	"Gluck"
"Independência"	"Independencia"
"Álbum"	"album"
"Bayán"	"Bayan"
"Dömös"	"Domos"
"Rüde"	"rude"
"Época"	"Epoca"
"Andouillé"	"andouille"
"Dolcè"	"Dolce"
"Möräle"	"Morale"
"Sarandë"	"Sarande"
"Ilioúpolis"	"Ilioupolis"
"Abbéville"	"Abbeville"
"Dérive"	"Derive"
"Köller"	"Koller"
"Bévy"	"bevy"
"Lukács"	"Lukacs"
"Bolloré"	"Bollore"
"Bété"	"bete"
"Danaë"	"Danae"
"Koreá"	"Korea"
"Dancé"	"Dance"
"Détente"	"Detente"
"Óbuda"	"Obuda"
"Rubiá"	"Rubia"
"Formulæ"	"Formula"
"Rüber"	"Ruber"
"Sabàto"	"Sabato"
"Módi"	"Modi"
"Soufrière"	"Soufriere"
"Apóstol"	"Apostol"
"Trás-os-Montes"	"Tras-os-Montes"
"Ázua"	"Azua"
"Sábado"	"Sabado"
"Möve"	"Move"
"Moré"	"More"
"Möre"	"More"
"Eisenhüttenstadt"	"Eisenhuttenstadt"
"Édon"	"Edon"
"Vendôme"	"Vendome"
"Paillé"	"paille"
"Rôle"	"role"
"Babà"	"Baba"
"Bába"	"Baba"
"Marlène"	"Marlene"
"Castelló"	"Castello"
"Cuautitlán"	"Cuautitlan"
"Bähr"	"Bahr"
"Rosé"	"rose"
"Rosà"	"rosa"
"Rösa"	"rosa"
"Zóbel"	"Zobel"
"Frédéric"	"Frederic"
"Périgueux"	"Perigueux"
"Billière"	"Billiere"
"Baré"	"Bare"
"Bürger"	"burger"
"Bâle"	"Bale"
"Indé"	"Inde"
"Bánh"	"Banh"
"Ingá"	"Inga"
"Ingå"	"Inga"
"Bané"	"Bane"
"Bánd"	"Band"
"Élan"	"Elan"
"Aeroméxico"	"Aeromexico"
"Báta"	"Bata"
"Ostrów"	"Ostrow"
"Azcárraga"	"Azcarraga"
"Phénix"	"Phenix"
"Vargö"	"Vargo"
"Székely"	"Szekely"
"Guéra"	"Guera"
"Jäger"	"Jager"
"Árran"	"Arran"
"Cóndor"	"condor"
"Teirêsias"	"Teiresias"
"Dürüm"	"durum"
"Várda"	"Varda"
"Stefán"	"Stefan"
"Psyché"	"psyche"
"Baré"	"bare"
"Étude"	"Etude"
"Bané"	"bane"
"Bánd"	"band"
"Éire"	"Eire"
"Yôjimbô"	"Yojimbo"
"CAFÉ"	"CAFE"
"Goiânia"	"Goiania"
"Moussé"	"Mousse"
"Bellecôte"	"Bellecote"
"Igarapé"	"Igarape"
"Trémont"	"Tremont"
"Aérospatiale"	"Aerospatiale"
"Andés"	"Andes"
"Rondônia"	"Rondonia"
"Röntgen"	"Rontgen"
"Yaoundé"	"Yaounde"
"Bâle"	"bale"
"Macedônia"	"Macedonia"
"Bassé"	"Basse"
"Israël"	"Israel"
"Båring"	"baring"
"Brasiléia"	"Brasileia"
"Excélsior"	"Excelsior"
"Würth"	"Wurth"
"Diægnosis"	"Diagnosis"
"Aeroperú"	"Aeroperu"
"Badaró"	"Badaro"
"Sérigné"	"Serigne"
"Võros"	"Voros"
"Bârla"	"Barla"
"Mazières"	"Mazieres"
"Bârna"	"Barna"
"Artés"	"Artes"
"Équipe"	"Equipe"
"Bærum"	"Barum"
"Kågen"	"Kagen"
"Dégénération"	"degeneration"
"Café"	"cafe"
"Méier"	"Meier"
"Yékini"	"Yekini"
"Zhèjiang"	"Zhejiang"
"Marqués"	"Marques"
"Márquez"	"Marquez"
"Anacréon"	"Anacreon"
"Matthäus"	"Matthaus"
"Matthæus"	"Matthaus"
"Ambás"	"Ambas"
"Politbüro"	"Politburo"
"Münk"	"Munk"
"Segré"	"Segre"
"Pálsson"	"Palsson"
"Ueckermünde"	"Ueckermunde"
"Múli"	"Muli"
"Câmp"	"camp"
"Solé"	"sole"
"Somé"	"some"
"Plácido"	"Placido"
"Brändön"	"Brandon"
"Ségou"	"Segou"
"Achá"	"Acha"
"Markéta"	"Marketa"
"Messerschmitt-Bölkow-Blohm"	"Messerschmitt-Bolkow-Blohm"
"Ligné"	"Ligne"
"Mazatlán"	"Mazatlan"
"Champs-Élysées"	"Champs-Elysees"
"Stück"	"stuck"
"Abié"	"Abie"
"Flëur"	"fleur"
"Abbé"	"Abbe"
"Yehoshûa"	"Yehoshua"
"Plötz"	"Plotz"
"Néville"	"Neville"
"Fáith"	"Faith"
"Nigèria"	"Nigeria"
"Nigéria"	"Nigeria"
"Växjö"	"Vaxjo"
"Timóteo"	"Timoteo"
"Sincé"	"since"
"Avibrás"	"Avibras"
"Mémoires"	"Memoires"
"Dobrá"	"Dobra"
"Diré"	"Dire"
"Schönberg"	"Schonberg"
"Pedrá"	"Pedra"
"Galdámez"	"Galdamez"
"Würzel"	"Wurzel"
"Melón"	"Melon"
"Mellé"	"Melle"
"Sultân"	"Sultan"
"Sébastien"	"Sebastien"
"Östmark"	"Ostmark"
"Borås"	"Boras"
"Ocotlán"	"Ocotlan"
"Småland"	"Smaland"
"Çanakkale"	"Canakkale"
"Borów"	"Borow"
"Hajmáskér"	"Hajmasker"
"Heilóngjiang"	"Heilongjiang"
"Börse"	"Borse"
"Édessa"	"Edessa"
"Bandoneón"	"bandoneon"
"Vaudémont"	"Vaudemont"
"Fæces"	"Faces"
"Cosmópolis"	"cosmopolis"
"Möräle"	"morale"
"Mátra"	"Matra"
"Agón"	"Agon"
"Agôn"	"Agon"
"Cárdenas"	"Cardenas"
"Honoré"	"Honore"
"Pomarède"	"Pomarede"
"Médoc"	"Medoc"
"América"	"America"
"Denicé"	"Denice"
"Rôle"	"Role"
"Röhr"	"Rohr"
"Àger"	"Ager"
"Première"	"Premiere"
"Róta"	"Rota"
"Rosà"	"Rosa"
"Rösa"	"Rosa"
"Rosé"	"Rose"
"Outré"	"outre"
"Piqué"	"pique"
"Eugénie"	"Eugenie"
"Jérémie"	"Jeremie"
"Wört"	"wort"
"Häagen-Dazs"	"Haagen-Dazs"
"Rügen"	"Rugen"
"Lindö"	"Lindo"
"Hernández"	"Hernandez"
"Sénégal"	"Senegal"
"Ahuachapán"	"Ahuachapan"
"Rómmel"	"Rommel"
"Duchów"	"Duchow"
"Kärcher"	"Karcher"
"Márkó"	"Marko"
"Marié"	"Marie"
"Ibagué"	"Ibague"
"Limón"	"Limon"
"Motobécane"	"Motobecane"
"Kalamáta"	"Kalamata"
"Zeebrügge"	"Zeebrugge"
"Résistance"	"Resistance"
"Fernández"	"Fernandez"
"Dôle"	"Dole"
"Bonäs"	"Bonas"
"Dòna"	"Dona"
"Bönan"	"Bonan"
"Bongó"	"Bongo"
"Bôngo"	"Bongo"
"Saboyá"	"Saboya"
"Widów"	"widow"
"Höller"	"holler"
"Massé"	"Masse"
"República"	"Republica"
"Adès"	"Ades"
"Récord"	"record"
"Bónus"	"Bonus"
"Bühler"	"Buhler"
"Schlöben"	"Schloben"
"Sjöström"	"Sjostrom"
"Hörde"	"horde"
"Vergès"	"verges"
"Königswinter"	"Konigswinter"
"Depôt"	"Depot"
"Allá"	"Alla"
"Ávalos"	"Avalos"
"Mâori"	"Maori"
"Korsnäs"	"Korsnas"
"Juchitán"	"Juchitan"
"Älta"	"Alta"
"Raúl"	"Raul"
"Salamá"	"Salama"
"Étain"	"Etain"
"Além"	"Alem"
"Ålem"	"Alem"
"Ålen"	"Alen"
"Alès"	"Ales"
"Räni"	"Rani"
"Raná"	"Rana"
"Râna"	"Rana"
"Råna"	"Rana"
"Bülow"	"Bulow"
"Croûton"	"crouton"
"Océan"	"ocean"
"Montélimar"	"Montelimar"
"Bénédictine"	"Benedictine"
"Dubé"	"Dube"
"Dubá"	"Duba"
"Wörth"	"worth"
"Seúl"	"seul"
"Seré"	"sere"
"Sère"	"sere"
"Bogué"	"Bogue"
"Bédélia"	"Bedelia"
"Fläming"	"flaming"
"Åkre"	"Akre"
"Löwenbräu"	"Lowenbrau"
"Åker"	"Aker"
"Ælfred"	"Alfred"
"Nörvenich"	"Norvenich"
"Antigonë"	"Antigone"
"Guérin"	"Guerin"
"Färöe"	"Faroe"
"Alcalá"	"Alcala"
"Italië"	"Italie"
"Messé"	"Messe"
"Guéron"	"Gueron"
"Dénia"	"Denia"
"Anápolis"	"Anapolis"
"Mämmi"	"Mammi"
"Rotthalmünster"	"Rotthalmunster"
"Dénés"	"Denes"
"Bürg"	"burg"
"Chimá"	"Chima"
"Böhme"	"Bohme"
"Siôn"	"sion"
"Nána"	"Nana"
"Siné"	"sine"
"Rémy"	"Remy"
"Cloqué"	"cloque"
"René"	"Rene"
"Wächter"	"Wachter"
"Béziers"	"Beziers"
"Mélange"	"melange"
"Kahána"	"Kahana"
"Réda"	"Reda"
"Réde"	"Rede"
"Frankfürt"	"Frankfurt"
"Sázava"	"Sazava"
"Pétanque"	"petanque"
"Persön"	"Person"
"Entrecôte"	"Entrecote"
"Brontë"	"Bronte"
"Réka"	"Reka"
"Bruguière"	"Bruguiere"
"Yères"	"Yeres"
"Märklin"	"Marklin"
"Pékin"	"Pekin"
"Réal"	"Real"
"Luzón"	"Luzon"
"Hrubý"	"Hruby"
"Noûs"	"nous"
"Réaux"	"Reaux"
"Ruská"	"Ruska"
"Petroperú"	"Petroperu"
"Bóveda"	"Boveda"
"Concórdia"	"Concordia"
"Böhmer"	"Bohmer"
"Städel"	"Stadel"
"Saint-Honoré"	"Saint-Honore"
"Opéra-ballet"	"opera-ballet"
"ÆON"	"AON"
"Pointe-à-Pitre"	"Pointe-a-Pitre"
"Chafé"	"chafe"
"Pernå"	"Perna"
"Ménil"	"Menil"
"Heliópolis"	"Heliopolis"
"Perlé"	"Perle"
"Sané"	"sane"
"Tótem"	"totem"
"Samé"	"same"
"Salé"	"sale"
"Säki"	"saki"
"Sipán"	"Sipan"
"Sëlva"	"Selva"
"Évasion"	"evasion"
"Pérez"	"Perez"
"Savé"	"save"
"Säve"	"save"
"Böhler"	"Bohler"
"Böhlen"	"Bohlen"
"Cinecittà"	"Cinecitta"
"Möser"	"Moser"
"Consommé"	"consomme"
"Malmö"	"Malmo"
"Büren"	"Buren"
"Clémentine"	"Clementine"
"Sempé"	"Sempe"
"Océan"	"Ocean"
"Delanoë"	"Delanoe"
"Unión"	"Union"
"Setúbal"	"Setubal"
"Aragonés"	"Aragones"
"Hofbräuhaus"	"Hofbrauhaus"
"Valérie"	"Valerie"
"Angé"	"Ange"
"Änge"	"Ange"
"Ånge"	"Ange"
"Depôt"	"depot"
"Déficit"	"Deficit"
"Nenè"	"Nene"
"Nenê"	"Nene"
"Mairé"	"Maire"
"Máire"	"Maire"
"Lourenço"	"Lourenco"
"Jiménez"	"Jimenez"
"Unité"	"Unite"
"Kyôtô"	"Kyoto"
"Kyõto"	"Kyoto"
"Torsö"	"torso"
"Émigre"	"emigre"
"Émigré"	"emigre"
"Hölder"	"holder"
"Sées"	"sees"
"Bodié"	"Bodie"
"Névé"	"Neve"
"Saône-et-Loire"	"Saone-et-Loire"
"Persön"	"person"
"Röthlein"	"Rothlein"
"Énergie"	"Energie"
"Huánuco"	"Huanuco"
"Ansó"	"Anso"
"Ansæ"	"Ansa"
"Bagré"	"bagre"
"Aërial"	"aerial"
"Unidá"	"Unida"
"Riós"	"Rios"
"Bulacán"	"Bulacan"
"Sincé"	"Since"
"Lésvos"	"Lesvos"
"Pangasinán"	"Pangasinan"
"Åmål"	"Amal"
"Chloé"	"Chloe"
"Moulé"	"Moule"
"Édouard"	"Edouard"
"Kurfürstendamm"	"Kurfurstendamm"
"Ãmir"	"Amir"
"Raouché"	"Raouche"
"Vogüé"	"vogue"
"Dobrovský"	"Dobrovsky"
"Mâjid"	"Majid"
"Aégis"	"Aegis"
"Catalão"	"Catalao"
"Sékou"	"Sekou"
"Yorùbá"	"Yoruba"
"Èze"	"Eze"
"Kwamé"	"Kwame"
"Ève"	"Eve"
"Mérges"	"Merges"
"Camerón"	"Cameron"
"Ewé"	"Ewe"
"Zéro"	"zero"
"Dancé"	"dance"
"Arévalo"	"Arevalo"
"Tomás"	"Tomas"
"Górsk"	"Gorsk"
"Suré"	"sure"
"Scór"	"Scor"
"Pélissier"	"Pelissier"
"Monzón"	"Monzon"
"FPÖ"	"FPO"
"Górki"	"Gorki"
"Orés"	"ores"
"Gée"	"Gee"
"Chéngdu"	"Chengdu"
"Pathé"	"Pathe"
"Créole"	"creole"
"Messiaën"	"Messiaen"
"Göran"	"Goran"
"Chéri"	"Cheri"
"Gäp"	"Gap"
"Chéry"	"Chery"
"Évans"	"Evans"
"Matinée"	"Matinee"
"Bruntál"	"Bruntal"
"Sâles"	"sales"
"Flå"	"Fla"
"Frà"	"Fra"
"Minière"	"Miniere"
"Placé"	"Place"
"Rhône-Alpes"	"Rhone-Alpes"
"Suède"	"Suede"
"Région"	"Region"
"Régime"	"Regime"
"Noëlle"	"Noelle"
"Régina"	"Regina"
"Médine"	"Medine"
"Háj"	"Haj"
"Coupés"	"Coupes"
"Gúa"	"Gua"
"Saül"	"Saul"
"Savé"	"Save"
"Säve"	"Save"
"Sámara"	"Samara"
"Salé"	"Sale"
"Montalbán"	"Montalban"
"Säki"	"Saki"
"Såka"	"Saka"
"Querétaro"	"Queretaro"
"Schütz"	"Schutz"
"Göl"	"Gol"
"Sané"	"Sane"
"Samé"	"Same"
"Fourcès"	"fources"
"Göd"	"God"
"Sabá"	"Saba"
"Sabé"	"Sabe"
"Sacé"	"Sace"
"Sách"	"Sach"
"Ifé"	"Ife"
"Véraza"	"Veraza"
"Pavón"	"Pavon"
"Arraiján"	"Arraijan"
"Szilágyi"	"Szilagyi"
"Mexicó"	"mexico"
"Lúpin"	"Lupin"
"Hóp"	"Hop"
"Höh"	"Hoh"
"Nádine"	"Nadine"
"Åre"	"Are"
"Æro"	"Aro"
"Atë"	"Ate"
"Étienne"	"Etienne"
"Trocadéro"	"Trocadero"
"Áta"	"Ata"
"Åsa"	"Asa"
"Kossów"	"Kossow"
"Avé"	"Ave"
"Jihâd"	"jihad"
"Atreús"	"Atreus"
"Grandpré"	"Grandpre"
"Glów"	"glow"
"Bái"	"Bai"
"Bäk"	"Bak"
"Báb"	"Bab"
"Bár"	"Bar"
"Bär"	"Bar"
"Suché"	"Suche"
"Åbo"	"Abo"
"Adé"	"Ade"
"Aër"	"Aer"
"Agé"	"Age"
"Âge"	"Age"
"Petén"	"Peten"
"Skorpiós"	"Skorpios"
"Staré"	"stare"
"Perséphone"	"Persephone"
"Perséphonê"	"Persephone"
"Åke"	"Ake"
"Shkodër"	"Shkoder"
"Áli"	"Ali"
"Vergèze"	"Vergeze"
"Cléon"	"Cleon"
"Niça"	"Nica"
"Äng"	"Ang"
"Békés"	"Bekes"
"Papër"	"Paper"
"Bùi"	"Bui"
"Abbé"	"abbe"
"Chalé"	"Chale"
"Dénouement"	"denouement"
"Köster"	"Koster"
"Superlópez"	"Superlopez"
"Jûdô"	"Judo"
"Pápas"	"Papas"
"Çal"	"Cal"
"Cài"	"Cai"
"Çat"	"Cat"
"Çan"	"Can"
"Çay"	"Cay"
"Gönen"	"Gonen"
"Espérance"	"Esperance"
"Telebrás"	"Telebras"
"Béjar"	"Bejar"
"Luján"	"Lujan"
"Bié"	"Bie"
"Wærns"	"Warns"
"Bôa"	"Boa"
"Boé"	"Boe"
"Bön"	"Bon"
"Boô"	"Boo"
"Bór"	"Bor"
"Chacé"	"Chace"
"Bót"	"Bot"
"Fårö"	"Faro"
"Tokió"	"Tokio"
"Tókio"	"Tokio"
"Tôkiô"	"Tokio"
"Tõkiõ"	"Tokio"
"Plélo"	"Plelo"
"Garzón"	"Garzon"
"Aché"	"ache"
"Dél"	"Del"
"Isère"	"Isere"
"Isêre"	"Isere"
"Chè"	"Che"
"Bandéla"	"Bandela"
"Cagayán"	"Cagayan"
"Hærland"	"Harland"
"Colmán"	"Colman"
"Lefèvre"	"Lefevre"
"Goès"	"goes"
"Dauphiné"	"Dauphine"
"Béjart"	"Bejart"
"Petrés"	"Petres"
"Aszód"	"Aszod"
"Pâris"	"Paris"
"Dyé"	"Dye"
"Cléry"	"Clery"
"Efé"	"Efe"
"Rouillé"	"rouille"
"Brunswick-Lüneburg"	"Brunswick-Luneburg"
"FDÄ"	"FDA"
"Tõkyõ"	"Tokyo"
"Belém"	"Belem"
"Büssing"	"bussing"
"Dùn"	"Dun"
"Dün"	"Dun"
"ÉTS"	"ETS"
"Dóc"	"Doc"
"Duméril"	"dumeril"
"Dôn"	"Don"
"Swåp"	"swap"
"Joló"	"Jolo"
"Yaté"	"Yate"
"Nét"	"Net"
"Risqué"	"risque"
"ODÚ"	"ODU"
"ÖDP"	"ODP"
"Barrabás"	"Barrabas"
"Calvià"	"Calvia"
"Touré"	"Toure"
"Mýa"	"Mya"
"Pátria"	"patria"
"João"	"Joao"
"Patrón"	"patron"
"Bernabé"	"Bernabe"
"Hürriyet"	"Hurriyet"
"Ämari"	"Amari"
"Flée"	"Flee"
"ÖSS"	"OSS"
"Jörg"	"Jorg"
"José"	"Jose"
"Nór"	"Nor"
"Nós"	"Nos"
"Zürich"	"Zurich"
"Jörn"	"Jorn"
"Nòi"	"Noi"
"Andújar"	"Andujar"
"Héloise"	"Heloise"
"Brændstrup"	"Brandstrup"
"Numéro"	"numero"
"Öfä"	"Ofa"
"Fillé"	"Fille"
"Flåm"	"Flam"
"Götterdämmerung"	"Gotterdammerung"
"Bénin"	"Benin"
"Quirós"	"Quiros"
"Goiás"	"Goias"
"Corumbá"	"Corumba"
"Barceló"	"Barcelo"
"Sàigòn"	"Saigon"
"Félines"	"felines"
"Olá"	"Ola"
"América"	"america"
"Ône"	"One"
"Palaú"	"Palau"
"Öre"	"Ore"
"Nouméa"	"Noumea"
"Révolution"	"Revolution"
"Paternò"	"Paterno"
"Paillé"	"Paille"
"Pér"	"Per"
"François"	"Francois"
"Bourré"	"Bourre"
"Gadów"	"Gadow"
"Torreón"	"Torreon"
"Táchira"	"Tachira"
"Gåte"	"gate"
"Récord"	"Record"
"Gålå"	"gala"
"Mondéjar"	"Mondejar"
"Colosó"	"Coloso"
"Urracá"	"Urraca"
"Élan"	"elan"
"Rád"	"Rad"
"Ráj"	"Raj"
"Rán"	"Ran"
"Octagón"	"octagon"
"Réunion"	"reunion"
"Présent"	"present"
"Röbel"	"Robel"
"Bérubé"	"Berube"
"Végétal"	"vegetal"
"Livadiá"	"Livadia"
"Dümmer"	"Dummer"
"Finström"	"Finstrom"
"Marié"	"marie"
"Itá"	"Ita"
"Fontès"	"Fontes"
"Padrón"	"Padron"
"Bessé"	"Besse"
"Glòries"	"glories"
"Mélanie"	"Melanie"
"Étatism"	"etatism"
"Étatist"	"etatist"
"Ján"	"Jan"
"Boyacá"	"Boyaca"
"Alakël"	"Alakel"
"Villagrán"	"Villagran"
"Károlyi"	"Karolyi"
"Widów"	"Widow"
"Jón"	"Jon"
"Première"	"premiere"
"Armendáriz"	"Armendariz"
"Élite"	"Elite"
"Galán"	"Galan"
"Élisa"	"Elisa"
"Berlé"	"Berle"
"Lebrón"	"Lebron"
"Erdély"	"Erdely"
"Falcón"	"Falcon"
"Massé"	"masse"
"Gália"	"Galia"
"Galié"	"Galie"
"Müesli"	"muesli"
"Gällö"	"Gallo"
"Tormé"	"Torme"
"Kám"	"Kam"
"Kán"	"Kan"
"Török"	"Torok"
"Bérat"	"Berat"
"Métamorphoses"	"metamorphoses"
"Répétiteur"	"repetiteur"
"Rühl"	"Ruhl"
"Araújo"	"Araujo"
"Rüde"	"Rude"
"Unité"	"unite"
"Kõo"	"Koo"
"Kôr"	"Kor"
"Kör"	"Kor"
"Unión"	"union"
"Mendonça"	"Mendonca"
"Cerisé"	"Cerise"
"Châtelet"	"Chatelet"
"Nöda"	"Noda"
"Nocé"	"Noce"
"Alès"	"ales"
"Goleniów"	"Goleniow"
"Tårs"	"tars"
"Lée"	"Lee"
"Län"	"Lan"
"Laç"	"Lac"
"Láb"	"Lab"
"MÄR"	"MAR"
"Nestlé"	"Nestle"
"Vergès"	"Verges"
"Korýdallos"	"Korydallos"
"Álamos"	"Alamos"
"Néstor"	"Nestor"
"Dávid"	"David"
"Lüe"	"Lue"
"Gardê"	"garde"
"Vergné"	"Vergne"
"Baccalauréat"	"baccalaureat"
"Löw"	"Low"
"Löf"	"Lof"
"Kühnen"	"Kuhnen"
"Tôtes"	"Totes"
"Curaçao"	"Curacao"
"Aërial"	"Aerial"
"Gené"	"gene"
"Méo"	"Meo"
"Mée"	"Mee"
"Stodólska"	"Stodolska"
"Göllingen"	"Gollingen"
"Máj"	"Maj"
"Noûs"	"Nous"
"Môn"	"Mon"
"Mós"	"Mos"
"Mór"	"Mor"
"Nótt"	"Nott"
"Hermionê"	"Hermione"
"Épée"	"epee"
"Múm"	"Mum"
"Sèvres"	"Sevres"
"Sévres"	"Sevres"
"Hainán"	"Hainan"
"Malecón"	"Malecon"
"Rodéo"	"rodeo"
"Ségura"	"Segura"
"Hånger"	"Hanger"
"Husák"	"Husak"
"Papër"	"paper"
"Gesté"	"geste"
"Stück"	"Stuck"
"Fête"	"fete"
"Béthune"	"Bethune"
"Blériot"	"Bleriot"
"Jünger"	"Junger"
"Gansù"	"Gansu"
"Préfectures"	"prefectures"
"Cássia"	"Cassia"
"Göring"	"Goring"
"Änti"	"anti"
"Erté"	"Erte"
"Grevé"	"greve"
"Strà"	"Stra"
"Jérusalem"	"jerusalem"
"Stör"	"Stor"
"Märsta"	"Marsta"
"Érin"	"Erin"
"Zoé"	"Zoe"
"Estação"	"Estacao"
"Pavé"	"pave"
"Rayón"	"Rayon"
"Pâté"	"pate"
"Réville"	"Reville"
"Björk"	"Bjork"
"Fernão"	"Fernao"
"Marne-la-Vallée"	"Marne-la-Vallee"
"Colômbia"	"Colombia"
"Alcázar"	"Alcazar"
"Thürmer"	"Thurmer"
"Pæan"	"paan"
"Pösing"	"Posing"
"Fin-de-siècle"	"fin-de-siecle"
"Forgès"	"forges"
"Melón"	"melon"
"Brüll"	"Brull"
"Füzuli"	"Fuzuli"
"Citroën"	"Citroen"
"Brulé"	"Brule"
"Pápa"	"papa"
"Thévenot"	"Thevenot"
"Jiàn"	"Jian"
"Brühl"	"Bruhl"
"Pärk"	"park"
"Parè"	"pare"
"Paré"	"pare"
"Pará"	"para"
"Löwenthal"	"Lowenthal"
"Xigazê"	"Xigaze"
"Corvée"	"corvee"
"Palé"	"pale"
"Gamów"	"Gamow"
"Brück"	"Bruck"
"Éton"	"Eton"
"Ürümqi"	"Urumqi"
"Pacé"	"pace"
"Sigrún"	"Sigrun"
"Gràcia"	"Gracia"
"Storå"	"Stora"
"Stórá"	"Stora"
"Ellé"	"Elle"
"Détente"	"detente"
"Súr"	"Sur"
"Álava"	"Alava"
"Téa"	"Tea"
"Siobhán"	"Siobhan"
"Táp"	"Tap"
"Tân"	"Tan"
"Tát"	"Tat"
"Bodmér"	"Bodmer"
"Tâb"	"Tab"
"Albán"	"Alban"
"Hümmel"	"Hummel"
"Åsta"	"asta"
"Värnamo"	"Varnamo"
"Sió"	"Sio"
"Sökö"	"Soko"
"Séd"	"Sed"
"Sée"	"See"
"Söll"	"Soll"
"Solé"	"Sole"
"Somé"	"Some"
"Sól"	"Sol"
"Söl"	"Sol"
"Corazón"	"Corazon"
"Álbum"	"Album"
"Gräben"	"Graben"
"Arén"	"aren"
"Rùm"	"Rum"
"Rûm"	"Rum"
"Amnèsia"	"amnesia"
"Sâg"	"Sag"
"Sái"	"Sai"
"Säm"	"Sam"
"Sáp"	"Sap"
"Sáo"	"Sao"
"Nicolò"	"Nicolo"
"Lignères"	"Ligneres"
"Procházka"	"Prochazka"
"Provençal"	"Provencal"
"Råö"	"Rao"
"Gendér"	"gender"
"Gaspé"	"Gaspe"
"Rém"	"Rem"
"Aégis"	"aegis"
"Agüero"	"Aguero"
"Rów"	"Row"
"Grâces"	"Graces"
"Granö"	"grano"
"Zébra"	"zebra"
"Genté"	"gente"
"Nordenskiöld"	"Nordenskiold"
"Lépine"	"Lepine"
"Vendée"	"vendee"
"Sónar"	"sonar"
"Compiègne"	"Compiegne"
"Lübeck"	"Lubeck"
"Göritz"	"Goritz"
"Gênes"	"genes"
"Émigre"	"Emigre"
"Émigré"	"Emigre"
"Entrée"	"entree"
"Komló"	"Komlo"
"Vát"	"Vat"
"Gardê"	"Garde"
"Vál"	"Val"
"Vár"	"Var"
"Pólka"	"polka"
"Bâtard-Montrachet"	"Batard-Montrachet"
"Töpfer"	"Topfer"
"Gáron"	"Garon"
"Vis-à-vis"	"vis-a-vis"
"Sultân"	"sultan"
"Théodore"	"Theodore"
"Choré"	"chore"
"Abéché"	"Abeche"
"Karstädt"	"Karstadt"
"Saltsjöbaden"	"Saltsjobaden"
"Numéro"	"Numero"
"Étoile"	"Etoile"
"Étoilé"	"Etoile"
"Péas"	"peas"
"Æter"	"ater"
"Flée"	"flee"
"Sölve"	"solve"
"Pécs"	"pecs"
"Limés"	"limes"
"Tét"	"Tet"
"Têt"	"Tet"
"Gmünden"	"Gmunden"
"Péré"	"pere"
"Tohmajärvi"	"Tohmajarvi"
"Façade"	"Facade"
"Tök"	"Tok"
"Loutráki"	"Loutraki"
"Nazário"	"Nazario"
"Tomé"	"tome"
"Champagné"	"Champagne"
"Toné"	"tone"
"Tône"	"tone"
"Gozón"	"Gozon"
"Guillén"	"Guillen"
"Marqués"	"marques"
"Mörel"	"morel"
"Morés"	"mores"
"Toró"	"toro"
"Töre"	"tore"
"Charité"	"Charite"
"Cúcuta"	"Cucuta"
"Çankaya"	"Cankaya"
"Pöyry"	"Poyry"
"Töss"	"toss"
"Büyükada"	"Buyukada"
"Canário"	"Canario"
"Råsen"	"Rasen"
"Belvédère"	"Belvedere"
"Witków"	"Witkow"
"Märket"	"Market"
"Midgård"	"Midgard"
"Kétou"	"Ketou"
"França"	"Franca"
"Kecskemét"	"Kecskemet"
"Atlético"	"Atletico"
"Márkus"	"Markus"
"Békéscsaba"	"Bekescsaba"
"Juradó"	"Jurado"
"Grétry"	"Gretry"
"Cordélia"	"Cordelia"
"Bródy"	"Brody"
"Trávnik"	"Travnik"
"Bürkliplatz"	"Burkliplatz"
"Apartadó"	"Apartado"
"Allée"	"Allee"
"Bôa"	"boa"
"Planès"	"planes"
"Téllez"	"Tellez"
"Bön"	"bon"
"Boô"	"boo"
"Bár"	"bar"
"Bär"	"bar"
"Bodhrán"	"bodhran"
"Forcé"	"force"
"Papier-mâché"	"papier-mache"
"Anglès"	"angles"
"Rivière"	"Riviere"
"Jaén"	"Jaen"
"Léger"	"Leger"
"Jaël"	"Jael"
"Gävle"	"Gavle"
"Jean-François"	"Jean-Francois"
"Mondragón"	"Mondragon"
"Çat"	"cat"
"Çan"	"can"
"Siôn"	"Sion"
"Opéra"	"opera"
"Ópera"	"opera"
"Gávea"	"Gavea"
"Ténérife"	"Tenerife"
"Résident"	"resident"
"Négociants"	"negociants"
"Búnker"	"bunker"
"Åke"	"ake"
"Válor"	"valor"
"Thälmann"	"Thalmann"
"Sablé"	"sable"
"Kéran"	"Keran"
"Solimões"	"Solimoes"
"Agé"	"age"
"Âge"	"age"
"Jabá"	"Jaba"
"Zárate"	"Zarate"
"Crédito"	"Credito"
"Monténégro"	"Montenegro"
"Forté"	"forte"
"Åre"	"are"
"Åsa"	"asa"
"Frémont"	"Fremont"
"Avé"	"ave"
"Áta"	"ata"
"Atë"	"ate"
"Ólafsson"	"Olafsson"
"Östersund"	"Ostersund"
"Rozwadów"	"Rozwadow"
"Crèche"	"creche"
"Odón"	"Odon"
"Ödön"	"Odon"
"Entrée"	"Entree"
"Rånäs"	"Ranas"
"Pâtisserie"	"Patisserie"
"Litér"	"liter"
"Rancé"	"Rance"
"Clémenceau"	"Clemenceau"
"Révolution"	"revolution"
"Paranà"	"Parana"
"Paraná"	"Parana"
"Paranã"	"Parana"
"Dàtóng"	"Datong"
"Contrexéville"	"Contrexeville"
"Düsseldorf"	"Dusseldorf"
"Lubów"	"Lubow"
"Lübow"	"Lubow"
"Antarès"	"Antares"
"Comedie-Française"	"Comedie-Francaise"
"Comédie-Francaise"	"Comedie-Francaise"
"Comédie-Française"	"Comedie-Francaise"
"Évry"	"Evry"
"Nescafé"	"Nescafe"
"Krämer"	"Kramer"
"Champús"	"Champus"
"Sôber"	"sober"
"Ével"	"Evel"
"Résident"	"Resident"
"Lebègue"	"Lebegue"
"Caquetá"	"Caqueta"
"Ozatlán"	"Ozatlan"
"Benédict"	"Benedict"
"Bénedict"	"Benedict"
"Bénédict"	"Benedict"
"Broué"	"Broue"
"Kraków"	"Krakow"
"Jerusalén"	"Jerusalen"
"Jérusalem"	"Jerusalem"
"Valéry"	"Valery"
"Écorches"	"ecorches"
"Madré"	"madre"
"Lúcia"	"Lucia"
"Mémorial"	"Memorial"
"Lúcio"	"Lucio"
"Rosengård"	"Rosengard"
"Tanágra"	"Tanagra"
"Parché"	"Parche"
"Sées"	"Sees"
"Sulejówek"	"Sulejowek"
"Seán"	"Sean"
"Séné"	"Sene"
"Ulstèr"	"Ulster"
"Nüremberg"	"Nuremberg"
"Maché"	"mache"
"Sagàs"	"sagas"
"Parsów"	"Parsow"
"Jürgen"	"Jurgen"
"Décima"	"Decima"
"Écône"	"Econe"
"Fúzhou"	"Fuzhou"
"Lüder"	"Luder"
"École"	"Ecole"
"Valdés"	"Valdes"
"Ramón"	"Ramon"
"Santarém"	"Santarem"
"Podestà"	"Podesta"
"Húbei"	"Hubei"
"Güiro"	"guiro"
"Sándor"	"Sandor"
"Ján"	"jan"
"Têbo"	"Tebo"
"Ölsen"	"Olsen"
"Zébra"	"Zebra"
"Jón"	"jon"
"Précis"	"Precis"
"Purée"	"puree"
"Flëur"	"Fleur"
"Hånger"	"hanger"
"Cajón"	"Cajon"
"Eugène"	"Eugene"
"Obregón"	"Obregon"
"Keikô"	"Keiko"
"Kéiko"	"Keiko"
"Maldòn"	"Maldon"
"Encyclopédia"	"encyclopedia"
"Gabriël"	"Gabriel"
"Petrópolis"	"Petropolis"
"Chángsha"	"Changsha"
"Exposé"	"Expose"
"Lancé"	"Lance"
"Psyché"	"Psyche"
"Málaga"	"Malaga"
"Háj"	"haj"
"Kéllé"	"Kelle"
"Culiacán"	"Culiacan"
"Colón"	"Colon"
"Marçon"	"Marcon"
"Länder"	"Lander"
"Göd"	"god"
"Libération"	"liberation"
"Wélton"	"Welton"
"Saint-Rémy"	"Saint-Remy"
"Loré"	"lore"
"Géza"	"Geza"
"Hakkâri"	"Hakkari"
"Ifé"	"ife"
"Dodô"	"dodo"
"Gaitán"	"Gaitan"
"Kékes"	"Kekes"
"Dôle"	"dole"
"Hóp"	"hop"
"Führer"	"fuhrer"
"Pukë"	"puke"
"Lodè"	"lode"
"Rougé"	"rouge"
"Rõuge"	"rouge"
"Locó"	"loco"
"Langé"	"Lange"
"Langå"	"Langa"
"Chancé"	"chance"
"Adélaide"	"Adelaide"
"Changé"	"change"
"Körner"	"Korner"
"Amnèsia"	"Amnesia"
"Ève"	"eve"
"Gené"	"Gene"
"Genç"	"Genc"
"Ewé"	"ewe"
"Géry"	"Gery"
"Conceição"	"Conceicao"
"Caffè"	"Caffe"
"Yacyretá"	"Yacyreta"
"Gêla"	"Gela"
"Söderberg"	"Soderberg"
"Gée"	"gee"
"Gäp"	"gap"
"Luxé"	"luxe"
"Centrès"	"centres"
"Gillón"	"Gillon"
"Céilidh"	"ceilidh"
"Luré"	"lure"
"Lurë"	"lure"
"Ténéré"	"Tenere"
"Tánger"	"Tanger"
"Lopës"	"Lopes"
"López"	"Lopez"
"Fæces"	"faces"
"Ángel"	"angel"
"Infernö"	"Inferno"
"Vidéotron"	"Videotron"
"Rococò"	"rococo"
"Frà"	"fra"
"Lüst"	"lust"
"Démarche"	"demarche"
"Abéné"	"Abene"
"Abelé"	"Abele"
"Hörn"	"horn"
"Tarzán"	"Tarzan"
"Morazán"	"Morazan"
"Convención"	"Convencion"
"Sámar"	"Samar"
"Könitz"	"Konitz"
"Hône"	"hone"
"György"	"Gyorgy"
"Cádiz"	"Cadiz"
"Cré"	"cre"
"Blâme"	"blame"
"Oláh"	"Olah"
"Chè"	"che"
"Brännvin"	"brannvin"
"Blasé"	"blase"
"Sânger"	"Sanger"
"Rougé"	"Rouge"
"Rõuge"	"Rouge"
"Grône"	"Grone"
"Sâles"	"Sales"
"Gavà"	"Gava"
"Pied-à-terre"	"pied-a-terre"
"Dyé"	"dye"
"Chélan"	"Chelan"
"Vitória"	"Vitoria"
"Sallé"	"Salle"
"Gåte"	"Gate"
"Champagné"	"champagne"
"Trégor"	"Tregor"
"Salgó"	"Salgo"
"Léman"	"Leman"
"Gánt"	"Gant"
"Dör"	"dor"
"Dôn"	"don"
"Brión"	"Brion"
"Cuéllar"	"Cuellar"
"Dóc"	"doc"
"Ömer"	"Omer"
"Juhász"	"Juhasz"
"Dég"	"deg"
"Dél"	"del"
"Grósz"	"Grosz"
"Irréversible"	"irreversible"
"Agamémnon"	"Agamemnon"
"Desireé"	"Desiree"
"Désirée"	"Desiree"
"Grän"	"Gran"
"Rém"	"rem"
"Encyclopédia"	"Encyclopedia"
"Grès"	"Gres"
"Ráj"	"raj"
"Rán"	"ran"
"Rád"	"rad"
"Rów"	"row"
"Durán"	"Duran"
"Diré"	"dire"
"Cliché"	"cliche"
"Niccolò"	"Niccolo"
"Úbeda"	"Ubeda"
"Václav"	"Vaclav"
"Saône"	"Saone"
"Rùm"	"rum"
"Rûm"	"rum"
"Carrè"	"Carre"
"Carré"	"Carre"
"Chargé"	"charge"
"Sâg"	"sag"
"Sái"	"sai"
"Çukurova"	"Cukurova"
"Sáp"	"sap"
"Durón"	"Duron"
"Küba"	"Kuba"
"Orléans"	"Orleans"
"Traoré"	"Traore"
"Illuminés"	"illumines"
"Vendée"	"Vendee"
"Dupré"	"Dupre"
"Sée"	"see"
"Humanité"	"Humanite"
"Sól"	"sol"
"Söl"	"sol"
"Meléndez"	"Melendez"
"Kürd"	"Kurd"
"Levél"	"level"
"Concepción"	"Concepcion"
"Sänna"	"Sanna"
"Späth"	"Spath"
"Súr"	"sur"
"Tâb"	"tab"
"Tát"	"tat"
"Táp"	"tap"
"Tân"	"tan"
"Trèves"	"Treves"
"Polònia"	"Polonia"
"Hövels"	"hovels"
"Saint-Étienne"	"Saint-Etienne"
"Libération"	"Liberation"
"Król"	"Krol"
"Durrës"	"Durres"
"Tómasson"	"Tomasson"
"Pér"	"per"
"Octagón"	"Octagon"
"Gölä"	"Gola"
"Götz"	"Gotz"
"Büchen"	"Buchen"
"Årland"	"Arland"
"Góra"	"Gora"
"Gorë"	"Gore"
"Göta"	"Gota"
"Göth"	"Goth"
"Dürüm"	"Durum"
"Jülich"	"Julich"
"Båring"	"Baring"
"Rayón"	"rayon"
"Söderhamn"	"Soderhamn"
"Goès"	"Goes"
"Carbó"	"Carbo"
"Bünyan"	"Bunyan"
"Diægnosis"	"diagnosis"
"Caffè"	"caffe"
"Über"	"uber"
"Lérida"	"Lerida"
"Sémillon"	"Semillon"
"Nét"	"net"
"Örsö"	"Orso"
"Swåp"	"Swap"
"Poopó"	"Poopo"
"Cantù"	"Cantu"
"Prishtinë"	"Prishtine"
"César"	"Cesar"
"Pavlová"	"Pavlova"
"Kemény"	"Kemeny"
"Hiré"	"hire"
"Hârtop"	"Hartop"
"Gewürztraminer"	"Gewurztraminer"
"Cliché"	"Cliche"
"Marajó"	"Marajo"
"Ándros"	"Andros"
"Letná"	"Letna"
"Métallurgique"	"Metallurgique"
"Général"	"general"
"Débutante"	"Debutante"
"Schröder"	"Schroder"
"Máchos"	"machos"
"Popów"	"Popow"
"Nóm"	"nom"
"Nós"	"nos"
"Nór"	"nor"
"Loiré"	"Loire"
"Grand-Mère"	"Grand-Mere"
"Waldenström"	"Waldenstrom"
"Rossön"	"Rosson"
"Gonçalves"	"Goncalves"
"Pöls"	"pols"
"Öfä"	"ofa"
"Telefónica"	"Telefonica"
"Telefônica"	"Telefonica"
"Suså"	"Susa"
"Séance"	"Seance"
"Suré"	"Sure"
"Céret"	"Ceret"
"Cerdà"	"Cerda"
"Särna"	"Sarna"
"Anschütz"	"Anschutz"
"Höller"	"Holler"
"Shalë"	"Shale"
"Ösel"	"Osel"
"Séamus"	"Seamus"
"Glös"	"Glos"
"Glów"	"Glow"
"Öre"	"ore"
"Ône"	"one"
"Grünwald"	"Grunwald"
"Görlitz"	"Gorlitz"
"Sávio"	"Savio"
"Béguine"	"Beguine"
"Láb"	"lab"
"Urdúliz"	"Urduliz"
"Saint-Exupéry"	"Saint-Exupery"
"Kästner"	"Kastner"
"Tannhäuser"	"Tannhauser"
"Cachaça"	"cachaca"
"Québecois"	"Quebecois"
"Québécois"	"Quebecois"
"Shalës"	"Shales"
"Frazzanò"	"Frazzano"
"Löw"	"low"
"Princé"	"Prince"
"Clichéd"	"cliched"
"Lée"	"lee"
"Tapajós"	"Tapajos"
"Tritón"	"Triton"
"Popé"	"pope"
"Kóka"	"Koka"
"Abdülaziz"	"Abdulaziz"
"Saint-Léger"	"Saint-Leger"
"Köhn"	"Kohn"
"Pólka"	"Polka"
"Gemütlichkeit"	"gemutlichkeit"
"Argentière"	"Argentiere"
"Kobé"	"Kobe"
"Tännäs"	"Tannas"
"Camús"	"Camus"
"Stéphane"	"Stephane"
"Levél"	"Level"
"Kôdansha"	"Kodansha"
"Môn"	"mon"
"Simplé"	"simple"
"Négev"	"Negev"
"Opéra-Comique"	"Opera-Comique"
"Sätra"	"Satra"
"Sætre"	"Satre"
"Zoltán"	"Zoltan"
"Schütte"	"Schutte"
"Múm"	"mum"
"Âmudaryâ"	"Amudarya"
"Münch"	"munch"
"Murciélago"	"Murcielago"
"Pösing"	"posing"
"Koné"	"Kone"
"Anadón"	"Anadon"
"Maracanã"	"Maracana"
"Méndez"	"Mendez"
"Cédric"	"Cedric"
"Téléphone"	"telephone"
"Infernö"	"inferno"
"LÖVE"	"LOVE"
"Túcume"	"Tucume"
"Séréna"	"Serena"
"Páez"	"Paez"
"Pähl"	"Pahl"
"Insúa"	"Insua"
"Pacé"	"Pace"
"Guantánamo"	"Guantanamo"
"Páno"	"Pano"
"Papé"	"Pape"
"Pápa"	"Papa"
"Ámsterdam"	"Amsterdam"
"Ambrós"	"Ambros"
"Billé"	"Bille"
"Galavisión"	"Galavision"
"Cénac"	"Cenac"
"Kitzbühel"	"Kitzbuhel"
"Chambéry"	"Chambery"
"Páli"	"Pali"
"Palé"	"Pale"
"Chancé"	"Chance"
"Komárov"	"Komarov"
"Nardò"	"Nardo"
"Changé"	"Change"
"Fréhel"	"Frehel"
"Máchos"	"Machos"
"Valpaços"	"Valpacos"
"Molière"	"Moliere"
"Moliére"	"Moliere"
"Dachshünd"	"dachshund"
"Rêver"	"rever"
"Stüssy"	"Stussy"
"Sántos"	"Santos"
"Titán"	"Titan"
"Wróbel"	"Wrobel"
"Çelik"	"Celik"
"Metsäliitto"	"Metsaliitto"
"Réding"	"Reding"
"Säntis"	"Santis"
"Copiapó"	"Copiapo"
"Présent"	"Present"
"Barrès"	"Barres"
"Matiguás"	"Matiguas"
"Évron"	"Evron"
"Viêtnam"	"Vietnam"
"Pâté"	"Pate"
"Paúl"	"Paul"
"Pärk"	"Park"
"Parè"	"Pare"
"Paré"	"Pare"
"Pará"	"Para"
"Chitré"	"Chitre"
"Brière"	"Briere"
"Prévôt"	"Prevot"
"Placé"	"place"
"Huldufólk"	"huldufolk"
"Pompéi"	"Pompei"
"Bosön"	"boson"
"Abrahám"	"Abraham"
"Lède"	"lede"
"Vlorë"	"Vlore"
"Münster"	"Munster"
"Gëran"	"Geran"
"Mädchen"	"Madchen"
"Évora"	"Evora"
"Glória"	"Gloria"
"Coupé"	"Coupe"
"Sinalóa"	"Sinaloa"
"Schlüter"	"Schluter"
"Cássia"	"cassia"
"Chillán"	"Chillan"
"Aéropostale"	"Aeropostale"
"Almadén"	"Almaden"
"Würzburg"	"Wurzburg"
"Rogów"	"Rogow"
"Strängnäs"	"Strangnas"
"Résumé"	"resume"
"Ossès"	"osses"
"Eletrobrás"	"Eletrobras"
"Fläming"	"Flaming"
"Vouliagméni"	"Vouliagmeni"
"Nalón"	"Nalon"
"Aysén"	"Aysen"
"Rodéo"	"Rodeo"
"Vál"	"val"
"Vát"	"vat"
"Jackée"	"Jackee"
"Ségolène"	"Segolene"
"Sacatepéquez"	"Sacatepequez"
"Bürgermeister"	"burgermeister"
"Cuiabá"	"Cuiaba"
"Bolimów"	"Bolimow"
"Gesté"	"Geste"
"Ménard"	"Menard"
"Bónus"	"bonus"
"Útica"	"Utica"
"Läther"	"lather"
"Münder"	"Munder"
"Écully"	"Ecully"
"Lagardère"	"Lagardere"
"Dzidzantún"	"Dzidzantun"
"Laúd"	"laud"
"Kibæk"	"Kibak"
"Hölder"	"Holder"
"Michoacán"	"Michoacan"
"Láin"	"lain"
"Láir"	"lair"
"Rákoskeresztúr"	"Rakoskeresztur"
"Lanë"	"lane"
"Tót"	"tot"
"Tök"	"tok"
"Lamá"	"lama"
"Lamé"	"lame"
"Fillér"	"filler"
"Opéra-Bastille"	"Opera-Bastille"
"Téa"	"tea"
"Tés"	"tes"
"Kémo"	"Kemo"
"Rüsselsheim"	"Russelsheim"
"Visegrád"	"Visegrad"
"Grän"	"gran"
"Cesarò"	"Cesaro"
"Bongó"	"bongo"
"Bôngo"	"bongo"
"Camagüey"	"Camaguey"
"Odéon"	"Odeon"
"Giménez"	"Gimenez"
"Wójcik"	"Wojcik"
"Mürren"	"Murren"
"Grâces"	"graces"
"Épernay"	"Epernay"
"Limé"	"lime"
"Gênes"	"Genes"
"Gabâ"	"Gaba"
"Gabú"	"Gabu"
"Gacé"	"Gace"
"Corés"	"Cores"
"Côtes-du-Rhône"	"Cotes-du-Rhone"
"Gålå"	"Gala"
"Çorlu"	"Corlu"
"Corné"	"Corne"
"Gaël"	"Gael"
"Çorum"	"Corum"
"Brüder"	"Bruder"
"Stürmer"	"Sturmer"
"Yúnnán"	"Yunnan"
"Rötha"	"Rotha"
"Rothé"	"Rothe"
"Barthélemy"	"Barthelemy"
"Lancôme"	"Lancome"
"Ciarán"	"Ciaran"
"Macará"	"Macara"
"Mölders"	"Molders"
"Bourrée"	"bourree"
"Discothèque"	"discotheque"
"Tulcán"	"Tulcan"
"Ursynów"	"Ursynow"
"Lagüera"	"Laguera"
"Gorë"	"gore"
"Angélica"	"Angelica"
"Blüthner"	"Bluthner"
"Toén"	"Toen"
"Günther"	"Gunther"
"Timár"	"Timar"
"Nablús"	"Nablus"
"Sobótka"	"Sobotka"
"Tomé"	"Tome"
"Lémnos"	"Lemnos"
"Tolú"	"Tolu"
"Kâni"	"Kani"
"Méditerranée"	"Mediterranee"
"Toné"	"Tone"
"Tône"	"Tone"
"Lévy"	"levy"
"Touché"	"Touche"
"Töre"	"Tore"
"Castrillón"	"Castrillon"
"Toró"	"Toro"
"Chacón"	"Chacon"
"Kåre"	"Kare"
"Töss"	"Toss"
"Kára"	"Kara"
"Totò"	"Toto"
"Général"	"General"
"Thériault"	"Theriault"
"Guimarães"	"Guimaraes"
"Castellón"	"Castellon"
"Nicolás"	"Nicolas"
"Glória"	"gloria"
"Pévy"	"Pevy"
"Thái"	"Thai"
"Knäck"	"Knack"
"Nikël"	"Nikel"
"Pêra"	"Pera"
"Péré"	"Pere"
"Nestlé"	"nestle"
"Mälaren"	"Malaren"
"Röösa"	"Roosa"
"Pelé"	"Pele"
"Expansión"	"expansion"
"Attaché"	"attache"
"Splügen"	"Splugen"
"Comté"	"Comte"
"Peça"	"Peca"
"Péas"	"Peas"
"Flörsheim"	"Florsheim"
"Ceará"	"Ceara"
"Conán"	"Conan"
"Condé"	"Conde"
"Génova"	"Genova"
"Côney"	"Coney"
"Erzsébet"	"Erzsebet"
"Câmara"	"Camara"
"Évian"	"Evian"
"Perrier-Jouët"	"Perrier-Jouet"
"Bedük"	"Beduk"
"Wörden"	"Worden"
"Bösendorfer"	"Bosendorfer"
"Conté"	"Conte"
"Eóghan"	"Eoghan"
"Abacá"	"abaca"
"Sablé"	"Sable"
"Invasión"	"Invasion"
"Fundación"	"Fundacion"
"Tinà"	"Tina"
"Búnker"	"Bunker"
"Römer"	"Romer"
"Béard"	"Beard"
"Viceré"	"Vicere"
"Schön"	"Schon"
"Gekås"	"Gekas"
"Séverin"	"Severin"
"Szabó"	"Szabo"
"Crêpe"	"crepe"
"Shànghai"	"Shanghai"
"Déficit"	"deficit"
"Zócalo"	"Zocalo"
"Maceió"	"Maceio"
"Vallière"	"Valliere"
"Rhinocéros"	"rhinoceros"
"Güns"	"guns"
"Cassé"	"casse"
"Centrès"	"Centres"
"Liré"	"lire"
"Toupée"	"toupee"
"Politbüro"	"politburo"
"Lángos"	"Langos"
"Cumaná"	"Cumana"
"Lárisa"	"Larisa"
"Mölten"	"molten"
"Midi-Pyrenées"	"Midi-Pyrenees"
"Midi-Pyrénées"	"Midi-Pyrenees"
"Grünberg"	"Grunberg"
